:020000040800F2
:1000000000500020AD150008C9140008D1140008E4
:10001000D9140008E1140008E914000800000000E9
:10002000000000000000000000000000F1140008C3
:10003000FD1400080000000009150008151500084F
:10004000F5150008F5150008F5150008F515000868
:10005000F5150008F5150008F5150008F515000858
:10006000F5150008F5150008F5150008F515000848
:10007000F5150008F5150008F5150008F515000838
:10008000F5150008F5150008F5150008F515000828
:10009000F5150008F5150008F5150008F515000818
:1000A000F5150008F5150008F5150008F515000808
:1000B000F515000821150008F5150008F5150008CC
:1000C000F5150008F5150008F5150008F5150008E8
:1000D000F5150008F5150008F5150008F5150008D8
:1000E000F5150008F5150008F515000800000000DA
:1000F0000000000000000000000000000000000000
:0C01000000000000000000005FF808F1A3
:10010C0010B5054C237833B9044B13B10448AFF345
:10011C0000800123237010BD880000200000000027
:10012C007496000808B5034B1BB103490348AFF3A1
:10013C00008008BD000000008C00002074960008B0
:10014C00034613F8012B002AFBD1181A013870470B
:10015C0080B588B004AF78604FF0FF330293012371
:10016C00019307F10F03009301237522D0217868C6
:10017C0002F00CFDFB7B682B01D0012310E0002367
:10018C00BB734FF0FF3302930123019307F10E036E
:10019C00009301236B22D021786802F0FDFB002331
:1001AC0018461037BD4680BD80B588B004AF786066
:1001BC0039604FF0FF3302930623019307F10803D4
:1001CC00009301233B22D021786802F0DFFC3B7ABC
:1001DC001BB21B021AB27B7A1BB213431AB23B68D6
:1001EC001A80BB7A1BB21B021AB2FB7A1BB21343E6
:1001FC001AB23B685A803B7B1BB21B021AB27B7B48
:10020C001BB213431AB23B689A800023184610376E
:10021C00BD4680BD80B588B004AF786039604FF0C2
:10022C00FF3302930623019307F108030093012384
:10023C004322D021786802F0A9FC3B7A1BB21B0246
:10024C001AB27B7A1BB213431AB23B681A80BB7A80
:10025C001BB21B021AB2FB7A1BB213431AB23B68D5
:10026C005A803B7B1BB21B021AB27B7B1BB2134323
:10027C001AB23B689A80002318461037BD4680BDE1
:10028C0080B584B000AF134801F0EAFA4FF0FF31AB
:10029C00104801F0BFFB0F4801F0C2FCF8600D489C
:1002AC0001F08CFB0C4B1B68DB6ABB60FB68BA680B
:1002BC0003FB02F2094BA3FB0213D21A520813449C
:1002CC00DB0A7B60044B1B687A685A6300BF1037EB
:1002DC00BD4680BDA400002080010020010110005B
:1002EC0080B582B000AF78600A4B1B6800225A625E
:1002FC00084804F0D5FC00BF064B1B685B6A7A68A3
:10030C009A42F9D8034804F015FD00BF0837BD46E2
:10031C0080BD00BFC801002080B500AF4FF4005174
:10032C00104802F0DEF808210F4802F0DAF810212C
:10033C000D4802F0D6F820210B4802F0D2F84021EB
:10034C00094802F0CEF88021074802F0CAF84FF4B1
:10035C008071054802F0C5F842F21070FFF7C0FF3B
:10036C0000BF80BD00100140000C014080B485B07E
:10037C0000AF7860094BFB607B68002B01D1012337
:10038C0007E07B684FF47A7202FB03F3FA6892FB86
:10039C00F3F318461437BD4680BC704700A24A04DC
:1003AC0080B584B000AF5223FB60C423BB60F7233D
:1003BC007B604FF4A5733B60F868FFF7D7FF0246EC
:1003CC00264B1B689A62FFF75BFF42F6E060FFF773
:1003DC0087FFB868FFF7CAFF0246204B1B689A627A
:1003EC00FFF74EFF41F65830FFF77AFF7868FFF7BA
:1003FC00BDFF0246194B1B689A62FFF741FF41F69D
:10040C005830FFF76DFF3868FFF7B0FF0246134B0B
:10041C001B689A62FFF734FF41F65830FFF760FF14
:10042C007868FFF7A3FF02460C4B1B689A62FFF734
:10043C0027FF41F65830FFF753FFB868FFF796FFD8
:10044C000246064B1B689A62FFF71AFF42F6E06001
:10045C00FFF746FF00BF1037BD4680BD800100206E
:10046C0080B596B002AF01F0C1F800F0ABF800F027
:10047C0099FA00F003F900F0A3F900F043FA00F048
:10048C003BF900F067F905F0F1FB00F035FB45484E
:10049C00FFF75EFE07F1400319464248FFF7BAFE2C
:1004AC0007F1400393E8030000F036FC00213E48BE
:1004BC0004F0BEFCFFF774FF4FF4FA70FFF710FF67
:1004CC004FF48041394801F0DDFF0346002B0BD17E
:1004DC000021354804F04EFDFFF71EFF00F06EFCC6
:1004EC0041F28830FFF7FCFE4FF400412F4801F039
:1004FC00C9FF0346002B38D100212B4804F03AFDEC
:10050C0007F1400319462748FFF784FEB7F940303E
:10051C001946B7F94230B7F9442038460192009396
:10052C000B46234A402108F0B9FB122221492248EC
:10053C0007F0F7FB0346002B13D11F4BD3F80C32FB
:10054C0019461D4808F0F1F83B461846FFF7F8FD30
:10055C0002463946194B184807F058FE164808F061
:10056C00BCF84FF4FA70FFF7BBFE4FF4004114488F
:10057C0001F088FF0346002B8CD100210A4804F0BF
:10058C00F9FC07F1480319460648FFF70DFE07F181
:10059C00480393E8030000F06DFB41F65830FFF779
:1005AC009FFE77E7D400002080010020001001405E
:1005BC008C96000808000020100200203C0400204B
:1005CC000008014080B594B000AF07F12803282241
:1005DC000021184608F0BAFB07F1140300221A6038
:1005EC005A609A60DA601A613B1D00221A605A60E8
:1005FC009A60DA600123BB624FF48033FB62002304
:10060C003B630123BB6302237B644FF48033BB64E5
:10061C004FF4E013FB6407F12803184603F08EFA3D
:10062C000346002B01D000F061FA0F237B610223FB
:10063C00BB610023FB614FF480633B6200237B6250
:10064C0007F114030221184603F0FAFC0346002BB1
:10065C0001D000F04BFA02237B604FF40043FB60A7
:10066C003B1D184603F07AFE0346002B01D000F028
:10067C003DFA00BF5037BD4680BD000080B584B048
:10068C0000AF3B1D00221A605A609A60184B194A41
:10069C001A60174B00229A60154B00221A73144BE8
:1006AC0000221A75124B4FF46022DA61104B0022B3
:1006BC005A600F4B01221A610D4800F0F9FF0346F6
:1006CC00002B01D000F012FA00237B600123BB60E9
:1006DC000023FB603B1D1946054801F0ADFA0346AB
:1006EC00002B01D000F002FA00BF1037BD4680BDD0
:1006FC00A40000200024014080B500AF124B134A27
:10070C001A60114B124A5A600F4B00229A600E4B22
:10071C000022DA600C4B4FF480421A610A4B002223
:10072C005A61094B00229A61074B0022DA61064B91
:10073C0000221A62044801F0EDFE0346002B01D0A2
:10074C0000F0D4F900BF80BDD40000200058004058
:10075C00801A060080B500AF174B184A1A60164B6A
:10076C004FF482725A60144B00229A60124B002292
:10077C00DA60114B00221A610F4B00225A610E4BAA
:10078C004FF400729A610C4B3822DA610A4B00224A
:10079C001A62094B00225A62074B00229A62064BDE
:1007AC000A22DA62044803F045FF0346002B01D00D
:1007BC0000F09CF900BF80BD2801002000300140F2
:1007CC0080B596B000AF07F1480300221A605A605A
:1007DC009A60DA6007F1400300221A605A6007F150
:1007EC00240300221A605A609A60DA601A615A6116
:1007FC009A613B1D20220021184608F0A7FA3F4BB6
:10080C003F4A1A603D4B00225A603C4B00229A60D2
:10081C003A4B4FF47A72DA60384B00221A61374B3C
:10082C0000225A61354B00229A61344804F0E9F9F0
:10083C000346002B01D000F059F94FF48053BB64F0
:10084C0007F1480319462D4804F0AAFD0346002B76
:10085C0001D000F04BF9294804F092FA0346002B22
:10086C0001D000F043F900233B6400237B6407F1C3
:10087C0040031946214805F037F90346002B01D0F7
:10088C0000F034F960237B624FF4FA73BB620023EF
:10089C00FB6200233B6300237B630023BB630023C9
:1008AC00FB6307F1240300221946144804F0B6FC3C
:1008BC000346002B01D000F019F900237B600023C4
:1008CC00BB600023FB6000233B6100237B614FF482
:1008DC000053BB6100233B623B1D1946074805F0E2
:1008EC0061F90346002B01D000F000F9034800F039
:1008FC00B1FD00BF5837BD4680BD00BF8001002050
:10090C00002C014080B586B000AF07F1080300222F
:10091C001A605A609A60DA603B4600221A605A608C
:10092C001D4B1E4A1A601C4B1D4A5A601A4B002262
:10093C009A60194B4FF6FF72DA60174B00221A615E
:10094C00154B00229A61144804F05BF90346002B06
:10095C0001D000F0CBF84FF48053BB6007F10803D3
:10096C0019460D4804F01CFD0346002B01D000F085
:10097C00BDF800233B6000237B603B4619460648CC
:10098C0005F0B2F80346002B01D000F0AFF800BF21
:10099C001837BD4680BD00BFC801002000040040D0
:1009AC003F19010080B588B000AF07F11003002299
:1009BC001A605A609A60DA60484B9B69474A43F068
:1009CC0010039361454B9B6903F01003FB60FB68BC
:1009DC00424B9B69414A43F0200393613F4B9B6917
:1009EC0003F02003BB60BB683C4B9B693B4A43F064
:1009FC0004039361394B9B6903F004037B607B68B0
:100A0C00364B9B69354A43F008039361334B9B6922
:100A1C0003F008033B603B6800224FF40051304860
:100A2C0001F047FD012210212E4801F042FD002269
:100A3C004FF400712B4801F03CFD00224FF47E7105
:100A4C00294801F036FD4FF400533B6101237B61D3
:100A5C000023BB610223FB6107F1100319462048F8
:100A6C0001F08CFB4FF440433B6100237B6100237E
:100A7C00BB6107F110031946194801F07FFB4FF4D5
:100A8C0004733B6101237B610023BB610223FB6187
:100A9C0007F110031946134801F070FB4FF40043A3
:100AAC003B6100237B610023BB6107F110031946F6
:100ABC000C4801F063FB4FF47E733B6101237B61B7
:100ACC000023BB610223FB6107F1100319460648A2
:100ADC0001F054FB00BF2037BD4680BD0010024022
:100AEC000010014000080140000C014080B400AF30
:100AFC0072B600BF00BFFDE780B582B000AF00F05A
:100B0C00E9FA44F6206301227821584802F0B2FA3F
:100B1C000346002B01D00023A4E040F6C4137B60F5
:100B2C0002E07B68013B7B607B68002BF9D1AE2235
:100B3C000021782000F03EFB20220021782000F0DC
:100B4C0039FB10220021782000F034FBB022002168
:100B5C00782000F02FFBC8220021782000F02AFB1F
:100B6C0000220021782000F025FB102200217820A3
:100B7C0000F020FB40220021782000F01BFB81229A
:100B8C000021782000F016FBFF220021782000F0D5
:100B9C0011FBA1220021782000F00CFBA6220021E1
:100BAC00782000F007FBA8220021782000F002FB3F
:100BBC003F220021782000F0FDFAA42200217820A9
:100BCC0000F0F8FAD3220021782000F0F3FA00228A
:100BDC000021782000F0EEFAD5220021782000F0D8
:100BEC00E9FAF0220021782000F0E4FAD922002161
:100BFC00782000F0DFFA22220021782000F0DAFAC7
:100C0C00DA220021782000F0D5FA12220021782077
:100C1C0000F0D0FADB220021782000F0CBFA202261
:100C2C000021782000F0C6FA8D220021782000F0F7
:100C3C00C1FA14220021782000F0BCFAAF22002166
:100C4C00782000F0B7FA002000F014F900F0E4F876
:100C5C00074B00221A80064B00225A80044B0122BB
:100C6C005A71012318460837BD4680BDD4000020B8
:100C7C004008002080B588B000AF3B4683E80300F5
:100C8C0000F0BCF8B7F900301A4607F10C031E4906
:100C9C00184608F039F80021002000F061F907F13E
:100CAC000C0301221949184600F0EEF9B7F902308D
:100CBC001A4607F10C031649184608F025F81021BE
:100CCC00002000F04DF907F10C0301220F491846E2
:100CDC0000F0DAF9B7F904301A4607F10C030D49A4
:100CEC00184608F011F82021002000F039F907F11E
:100CFC000C0301220549184600F0C6F900F08CF8E7
:100D0C0000BF2037BD4680BD9C9600080000002027
:100D1C00A4960008AC96000880B588B000AF3B469E
:100D2C0083E8030000F06AF8B7F900301A4607F1BF
:100D3C000C031E49184607F0E7FF0021002000F0C5
:100D4C000FF907F10C0301221949184600F09CF920
:100D5C00B7F902301A4607F10C031649184607F08A
:100D6C00D3FF1021002000F0FBF807F10C03012247
:100D7C000F49184600F088F9B7F904301A4607F104
:100D8C000C030D49184607F0BFFF2021002000F08E
:100D9C00E7F807F10C0301220549184600F074F935
:100DAC0000F03AF800BF2037BD4680BDB49600086D
:100DBC0000000020BC960008C496000880B500AF67
:100DCC0000F01CF80021002000F0CAF801220849AC
:100DDC00084800F059F91E21002000F0C1F801224A
:100DEC000349054800F050F900F016F800BF80BD2B
:100DFC0000000020CC960008D896000880B500AF03
:100E0C004FF480620021034807F0A0FF00F004F8C3
:100E1C0000BF80BD4004002080B582B000AF00232D
:100E2C00FB711DE0FB79503BDBB21A4600217820A8
:100E3C0000F0C0F900220021782000F0BBF910224C
:100E4C000021782000F0B6F9FB79DB01084A1A443E
:100E5C0080234021782000F051F9FB790133FB719C
:100E6C00FB79072BDED900BF00BF0837BD4680BD1C
:100E7C004004002080B582B000AF0346FB71FB79C3
:100E8C00002B01D1002300E0FF234FF480621946B0
:100E9C00034807F05BFF00BF0837BD4680BD00BFAD
:100EAC004004002080B483B000AF0346FB800B46A7
:100EBC00BB801346FB70FB887F2B48D8BB883F2B2D
:100ECC0045D8254B1B79002B06D0FB78002B0CBF8B
:100EDC0001230023DBB2FB70FB78012B1AD1FA88BB
:100EEC00BB88DB0898B20346DB0113441B4AD35C76
:100EFC005AB2BB8803F00703012101FA03F35BB27A
:100F0C00134359B2FA880346DB011344C9B2134A9E
:100F1C00D1541DE0FA88BB88DB0898B20346DB018C
:100F2C0013440E4AD35C5AB2BB8803F00703012169
:100F3C0001FA03F35BB2DB435BB2134059B2FA889C
:100F4C000346DB011344C9B2044AD15400E000BF8C
:100F5C000C37BD4680BC7047400800204004002080
:100F6C0080B483B000AF03460A46FB801346BB80B7
:100F7C00054AFB881380044ABB88538000BF0C379A
:100F8C00BD4680BC704700BF4008002080B586B0CD
:100F9C0000AF03463960FB711346BB71394B1B889C
:100FAC001A463B681B7813447F2B07DC354B5B8858
:100FBC001A463B685B7813443F2B01DD00235DE050
:100FCC0000237B614BE03B685A68FB79203B396816
:100FDC00497801FB03F319467B690B445B0013440E
:100FEC001B88FB6000233B6130E0FA683B6902FA26
:100FFC0003F303F40043002B10D0224B1A883B69F7
:10100C009BB2134498B21F4B5A887B699BB2134412
:10101C009BB2BA791946FFF745FF14E0194B1A88B1
:10102C003B699BB2134498B2164B5A887B699BB2AE
:10103C00134499B2BB79002B0CBF01230023DBB204
:10104C001A46FFF72FFF3B6901333B613B681B7866
:10105C001A463B699342C8D37B6901337B613B6879
:10106C005B781A467B699342ADD3064B1B883A6872
:10107C00127813449AB2034B1A80FB79184618372E
:10108C00BD4680BD4008002080B584B000AFF8603C
:10109C00B9601346FB7112E0FB681B78FA79B968EA
:1010AC001846FFF773FF03461A46FB681B789A42F3
:1010BC0002D0FB681B7808E0FB680133FB60FB681F
:1010CC001B78002BE8D1FB681B7818461037BD46FF
:1010DC0080BD000080B483B000AF074B7B6002E0A2
:1010EC007B68013B7B607B68002BF9D100BF00BFA4
:1010FC000C37BD4680BC704790D003002DE9F043FF
:10110C0089B002AF3A601A460346FB710B46BB71BD
:10111C001346BB806B461E46BB88591C4B1E3B615D
:10112C000A460023904699464FF000024FF0000308
:10113C004FEAC90343EA58734FEAC8020A46002330
:10114C0014461D464FF000024FF00003EB0043EA3B
:10115C005473E2000B460733DB08DB00ADEB030DE9
:10116C0002AB0033FB60FB68BA791A700123FB7584
:10117C000AE0FB7D013B3A681A44FB7D1178FA6862
:10118C00D154FB7D0133FB75FB7D9BB2BA889A422F
:10119C00EFD2FB7999B2BB880A220092FA68044814
:1011AC0001F0FCFAB54600BF1C37BD46BDE8F08324
:1011BC00D400002080B586B002AF0346FB710B460D
:1011CC00BB7113467B71BB793B737B797B73FB796A
:1011DC0099B207F10C020A2300930223034801F091
:1011EC00DDFA00BF1037BD4680BD00BFD400002023
:1011FC0080B485B000AF154B9B69144A43F00103D2
:10120C009361124B9B6903F00103BB60BB680F4BEE
:10121C00DB690E4A43F08053D3610C4BDB6903F05E
:10122C0080537B607B680A4B5B68FB60FB6823F038
:10123C00E063FB60FB6843F00073FB60044AFB68EF
:10124C00536000BF1437BD4680BC7047001002408D
:10125C000000014080B588B000AF786007F1100342
:10126C0000221A605A609A60DA607B681B68144A24
:10127C00934221D1134B9B69124A43F4007393613F
:10128C00104B9B6903F40073FB60FB680D4B9B696F
:10129C000C4A43F0040393610A4B9B6903F004036B
:1012AC00BB60BB6801233B6103237B6107F1100327
:1012BC001946054800F062FF00BF2037BD4680BDCF
:1012CC0000240140001002400008014080B588B0A5
:1012DC0000AF786007F1100300221A605A609A6020
:1012EC00DA607B681B68164A934224D1154B9B69C4
:1012FC00144A43F008039361124B9B6903F00803F3
:10130C00FB60FB684FF440633B6112237B6103235A
:10131C00FB6107F1100319460B4800F02FFF094B36
:10132C00DB69084A43F48003D361064BDB6903F4A1
:10133C008003BB60BB6800BF2037BD4680BD00BFCB
:10134C000058004000100240000C014080B588B0ED
:10135C0000AF786007F1100300221A605A609A609F
:10136C00DA607B681B681B4A93422FD11A4B9B692E
:10137C00194A43F480539361174B9B6903F48053D0
:10138C00FB60FB68144B9B69134A43F004039361A5
:10139C00114B9B6903F00403BB60BB68A0233B614A
:1013AC0002237B610323FB6107F1100319460B48F1
:1013BC0000F0E4FE40233B6100237B610023BB6112
:1013CC0007F110031946054800F0D8FE00BF20377E
:1013DC00BD4680BD003001400010024000080140B5
:1013EC0080B584B000AF78607B681B68164A934266
:1013FC000CD1164B9B69154A43F400639361134B54
:10140C009B6903F40063FB60FB6818E07B681B6856
:10141C000F4A934213D10D4BDB690C4A43F0020384
:10142C00D3610A4BDB6903F00203BB60BB6800228B
:10143C0000211D2000F06BFE1D2000F084FE00BF7B
:10144C001037BD4680BD00BF002C0140001002408B
:10145C000004004080B588B000AF786007F110033D
:10146C0000221A605A609A60DA607B681B68104A26
:10147C00934218D10F4B9B690E4A43F004039361BE
:10148C000C4B9B6903F00403FB60FB684FF4807307
:10149C003B6102237B610223FB6107F110031946B8
:1014AC00054800F06BFE00BF2037BD4680BD00BF75
:1014BC00002C0140001002400008014080B400AF35
:1014CC0000BFFDE780B400AF00BFFDE780B400AF04
:1014DC0000BFFDE780B400AF00BFFDE780B400AFF4
:1014EC0000BFFDE780B400AF00BFBD4680BC7047B5
:1014FC0080B400AF00BFBD4680BC704780B400AF65
:10150C0000BFBD4680BC704780B500AF00F0B4F89A
:10151C0000BF80BD80B500AF024803F08FFD00BF57
:10152C0080BD00BFC801002080B586B000AF7860D8
:10153C00144A154BD31A7B617B693B61134B1B68B7
:10154C00002B02D1114B124A1A60104B1A687B689F
:10155C0013443A699A4207D207F000FC03460C2266
:10156C001A604FF0FF3309E0084B1B68FB60074B18
:10157C001A687B681344054A1360FB6818461837D1
:10158C00BD4680BD0050002000040000480800202B
:10159C00D009002080B400AF00BFBD4680BC7047AE
:1015AC00FFF7F8FF0B480C490C4A002302E0D45813
:1015BC00C4500433C4188C42F9D3094A094C002393
:1015CC0001E013600432A242FBD307F0CDFBFEF71F
:1015DC0047FF7047000000208800002084A5000809
:1015EC0088000020CC090020FEE7000080B500AF89
:1015FC00084B1B68074A43F010031360032000F0EC
:10160C007BFD0F2000F008F8FFF7F2FD00231846D1
:10161C0080BD00BF0020024080B582B000AF786072
:10162C00124B1A68124B1B7819464FF47A73B3FBA2
:10163C00F1F3B2FBF3F3184600F093FD0346002BD5
:10164C0001D001230EE07B680F2B0AD800227968A9
:10165C004FF0FF3000F05BFD064A7B6813600023FF
:10166C0000E0012318460837BD4680BD1800002055
:10167C00200000201C00002080B400AF054B1B781C
:10168C001A46054B1B681344034A136000BFBD4642
:10169C0080BC7047200000204C08002080B400AFB4
:1016AC00024B1B681846BD4680BC70474C08002096
:1016BC0080B586B000AF78600023FB7500233B61DA
:1016CC000023BB600023FB607B68002B01D101234E
:1016DC00BEE07B689B68002B7B689B6A002B09D162
:1016EC007B680022DA627B68002283F82420786809
:1016FC00FFF7B0FD786800F0F1FB0346FB757B68E3
:10170C009B6A03F01003002B40F09980FB7D002BAB
:10171C0040F095807B689B6A23F4885323F0020386
:10172C0043F002027B689A627B685A687B68DB69CB
:10173C001A437B681B7B5B001343BA681343BB6083
:10174C007B689B68B3F5807F03D07B689B68012B1B
:10175C0002D14FF4807300E000233A6913433B61DC
:10176C007B681B7D012B19D17B681B7B002B09D15E
:10177C007B689B69013B5A033B69134343F4006349
:10178C003B610BE07B689B6A43F020027B689A62AA
:10179C007B68DB6A43F001027B68DA627B681B685A
:1017AC005B6823F469417B681B683A690A435A6099
:1017BC007B681B689A68284B13407A681268B96872
:1017CC000B4393607B689B68B3F5807F03D07B6889
:1017DC009B68012B04D17B681B69013B1B05FB60DB
:1017EC007B681B68DB6A23F470017B681B68FA68F2
:1017FC000A43DA627B681B689A68184B1340BA6814
:10180C009A420BD17B680022DA627B689B6A23F0D8
:10181C00030343F001027B689A6218E07B689B6AC1
:10182C0023F0120343F010027B689A627B68DB6A38
:10183C0043F001027B68DA620123FB7507E07B68E9
:10184C009B6A43F010027B689A620123FB75FB7D57
:10185C0018461837BD4680BDFDF7E1FFFE0E1FFF91
:10186C0080B584B000AF78600023FB737B6893F87D
:10187C002430012B01D1022398E07B68012283F8EC
:10188C002420786800F0D0FA0346FB73FB7B002B16
:10189C0040F087807B689B6A23F4407323F001033C
:1018AC0043F480727B689A627B681B68414A93425E
:1018BC0005D1414B5B6803F47023002B15D17B6879
:1018CC009B6A23F480127B689A627B681B685B6856
:1018DC0003F48063002B26D07B689B6A23F440536F
:1018EC0043F480527B689A621DE07B689B6A43F4E8
:1018FC0080127B689A627B681B682F4A934204D0E3
:10190C007B681B682B4A93420DD12B4B5B6803F40D
:10191C008063002B07D07B689B6A23F4405343F40D
:10192C0080527B689A627B689B6A03F48053002B1D
:10193C0006D07B68DB6A23F006027B68DA6202E081
:10194C007B680022DA627B68002283F824207B68A3
:10195C001B686FF002021A607B681B689B6803F4BB
:10196C006023B3F5602F13D17B681B68114A934237
:10197C0005D1114B5B6803F47023002B08D17B68F5
:10198C001B689A687B681B6842F4A0029A600CE0A2
:10199C007B681B689A687B681B6842F480129A60AB
:1019AC0003E07B68002283F82420FB7B1846103769
:1019BC00BD4680BD002801400024014080B584B0A4
:1019CC0000AF78600023FB737B6893F82430012B05
:1019DC0001D102231AE07B68012283F82420786865
:1019EC0000F07CFA0346FB73FB7B002B09D17B6870
:1019FC009B6A23F4885323F0010343F001027B68B4
:101A0C009A627B68002283F82420FB7B18461037EF
:101A1C00BD4680BD90B587B000AF786039600023BB
:101A2C007B610023FB6000233B61FFF737FE78618D
:101A3C007B681B689B6803F48073002B0BD07B685E
:101A4C009B6A43F020027B689A627B68002283F8D1
:101A5C0024200123D3E07B681B685B6803F480734C
:101A6C00002B31D17B681B68DB6A03F47003002BFD
:101A7C002AD121E03B68B3F1FF3F1DD03B68002B1E
:101A8C0007D0FFF70BFE02467B69D31A3A689A42DD
:101A9C0012D27B681B681B6803F00203002B0BD16E
:101AAC007B689B6A43F004027B689A627B68002225
:101ABC0083F824200323A2E07B681B681B6803F0D7
:101ACC000203002BD6D070E04F4B1C68022002F0B2
:101ADC00FBFC0346B4FBF3F27B681B6819694B4BA8
:101AEC000B40002B18D17B681B68D968484B0B4006
:101AFC00002B11D17B681B681969464B0B40002BDE
:101B0C0008D17B681B68D968434B0B40002B01D173
:101B1C00142320E029231EE07B681B6819693D4BC8
:101B2C000B40002B06D17B681B68D9683A4B0B40E5
:101B3C00002B0DD07B681B681969384B0B40002BB0
:101B4C0008D17B681B68D968344B0B40002B01D142
:101B5C00542300E0FC2302FB03F33B6121E03B68D0
:101B6C00B3F1FF3F1AD03B68002B07D0FFF796FD6F
:101B7C0002467B69D31A3A689A420FD2FB683A69DB
:101B8C009A420BD97B689B6A43F004027B689A6289
:101B9C007B68002283F82420032330E0FB680133A8
:101BAC00FB60FB683A699A42D9D87B681B686FF076
:101BBC0012021A607B689B6A43F400727B689A621B
:101BCC007B681B689B6803F46023B3F5602F15D109
:101BDC007B681B7B002B11D17B689B6A23F4807282
:101BEC007B689A627B689B6A03F48053002B05D157
:101BFC007B689B6A43F001027B689A62002318465B
:101C0C001C37BD4690BD00BF18000020244992240B
:101C1C0024499200922449129224490049922400AA
:101C2C0080B483B000AF78607B681B68DB6C1846AF
:101C3C000C37BD4680BC704780B485B000AF78606F
:101C4C0039600023FB730023BB607B6893F824305E
:101C5C00012B01D10223DCE07B68012283F82420D4
:101C6C003B685B68062B1CD87B681B68596B3B6810
:101C7C005A6813469B001344053B1F2202FA03F3D8
:101C8C00DB4319403B6818683B685A6813469B0055
:101C9C001344053B00FA03F27B681B680A435A6342
:101CAC003CE03B685B680C2B1CD87B681B68196B91
:101CBC003B685A6813469B001344233B1F2202FACD
:101CCC0003F3DB4319403B6818683B685A681346BA
:101CDC009B001344233B00FA03F27B681B680A4306
:101CEC001A631BE07B681B68D96A3B685A68134609
:101CFC009B001344413B1F2202FA03F3DB431940C0
:101D0C003B6818683B685A6813469B001344413B78
:101D1C0000FA03F27B681B680A43DA623B681B68B3
:101D2C00092B1CD97B681B68D9683B681A68134659
:101D3C005B0013441E3B072202FA03F3DB431940FA
:101D4C003B6898683B681A6813465B0013441E3B5B
:101D5C0000FA03F27B681B680A43DA6019E07B68BF
:101D6C001B6819693B681A6813465B001344072209
:101D7C0002FA03F3DB4319403B6898683B681A6826
:101D8C0013465B00134400FA03F27B681B680A439A
:101D9C001A613B681B68102B03D03B681B68112B26
:101DAC0032D17B681B681D4A934225D17B681B6826
:101DBC009B6803F40003002B26D17B681B689A6890
:101DCC007B681B6842F400029A603B681B68102B0E
:101DDC001AD1134B1B68134AA2FB03239A0C13460C
:101DEC009B0013445B00BB6002E0BB68013BBB6023
:101DFC00BB68002BF9D107E07B689B6A43F020029B
:101E0C007B689A620123FB737B68002283F8242091
:101E1C00FB7B18461437BD4680BC7047002401403C
:101E2C001800002083DE1B4380B584B000AF7860BF
:101E3C000023FB600023BB607B681B689B6803F07E
:101E4C000103012B40D07B681B689A687B681B6878
:101E5C0042F001029A601F4B1B681F4AA2FB03232E
:101E6C009B0CBB6002E0BB68013BBB60BB68002BFA
:101E7C00F9D1FFF713FCF8601FE0FFF70FFC0246E7
:101E8C00FB68D31A022B18D97B681B689B6803F07C
:101E9C000103012B11D07B689B6A43F010027B6815
:101EAC009A627B68DB6A43F001027B68DA627B68CA
:101EBC00002283F82420012307E07B681B689B68C1
:101ECC0003F00103012BD8D1002318461037BD466F
:101EDC0080BD00BF1800002083DE1B4380B584B09A
:101EEC0000AF78600023FB607B681B689B6803F085
:101EFC000103012B2ED17B681B689A687B681B68D9
:101F0C0022F001029A60FFF7C9FBF8601BE0FFF7B3
:101F1C00C5FB0246FB68D31A022B14D97B681B68DD
:101F2C009B6803F00103012B0DD17B689B6A43F086
:101F3C0010027B689A627B68DB6A43F001027B6863
:101F4C00DA62012307E07B681B689B6803F00103DE
:101F5C00012BDCD0002318461037BD4680BD000095
:101F6C0080B485B000AF78607B6803F00703FB603A
:101F7C000C4BDB68BB60BA684FF6FF031340BB60C9
:101F8C00FB681A02BB68134343F0BF6343F400338E
:101F9C00BB60044ABB68D36000BF1437BD4680BC2D
:101FAC00704700BF00ED00E080B400AF044BDB686D
:101FBC001B0A03F007031846BD4680BC704700BFE0
:101FCC0000ED00E080B483B000AF0346FB7197F9DD
:101FDC000730002B0BDBFB7903F01F02064997F946
:101FEC0007305B09012000FA02F241F8232000BF00
:101FFC000C37BD4680BC704700E100E080B483B074
:10200C0000AF03463960FB7197F90730002B0ADBF0
:10201C003B68DAB20C4997F907301201D2B20B4483
:10202C0083F800230AE03B68DAB20849FB7903F035
:10203C000F03043B1201D2B20B441A7600BF0C37CB
:10204C00BD4680BC704700BF00E100E000ED00E041
:10205C0080B489B000AFF860B9607A60FB6803F0B7
:10206C000703FB61FB69C3F10703042B28BF04239F
:10207C00BB61FB690433062B02D9FB69033B00E00F
:10208C0000237B614FF0FF32BB6902FA03F3DA43A2
:10209C00BB681A407B699A404FF0FF317B6901FAAB
:1020AC0003F3D9437B680B40134318462437BD46D2
:1020BC0080BC704780B582B000AF78607B68013B14
:1020CC00B3F1807F01D301230FE00A4A7B68013B07
:1020DC0053600F214FF0FF30FFF790FF054B0022AC
:1020EC009A60044B07221A60002318460837BD4635
:1020FC0080BD00BF10E000E080B582B000AF78601A
:10210C007868FFF72DFF00BF0837BD4680BD80B54E
:10211C0086B000AF0346B9607A60FB7300237B6125
:10212C00FFF742FF78617A68B9687869FFF790FF2A
:10213C00024697F90F3011461846FFF75FFF00BFB4
:10214C001837BD4680BD80B582B000AF0346FB7129
:10215C0097F907301846FFF735FF00BF0837BD4623
:10216C0080BD80B582B000AF78607868FFF7A2FFC1
:10217C00034618460837BD4680BD000080B48BB0BE
:10218C0000AF7860396000237B6200233B6269E119
:10219C0001227B6A02FA03F3FB613B681B68FA6954
:1021AC001340BB61BA69FB699A4240F058813B68A5
:1021BC005B689A4A93425ED0984A934275D8984A83
:1021CC00934258D0964A93426FD8964A934252D033
:1021DC00944A934269D8944A93424CD0924A93427F
:1021EC0063D8924A934246D0904A93425DD8122BC0
:1021FC002AD8122B59D801A252F823F083220008B6
:10220C005D2200086F220008B1220008B7220008E6
:10221C00B7220008B7220008B7220008B72200082E
:10222C00B7220008B7220008B7220008B72200081E
:10223C00B7220008B7220008B7220008B72200080E
:10224C006522000879220008794A934213D02CE0C9
:10225C003B68DB683B6229E03B68DB6804333B622C
:10226C0024E03B68DB6808333B621FE03B68DB68BB
:10227C000C333B621AE03B689B68002B02D10423B1
:10228C003B6213E03B689B68012B05D108233B6242
:10229C007B68FA691A6109E008233B627B68FA697A
:1022AC005A6103E000233B6200E000BFBB69FF2BD7
:1022BC0001D87B6801E07B6804337B61BB69FF2B31
:1022CC0002D87B6A9B0002E07B6A083B9B003B6167
:1022DC007B691A680F213B6901FA03F3DB431A404F
:1022EC00396A3B6901FA03F31A437B691A603B684C
:1022FC005B6803F08053002B00F0B1804D4B9B6961
:10230C004C4A43F0010393614A4B9B6903F0010370
:10231C00BB60BB68484A7B6A9B08023352F8233087
:10232C00FB607B6A03F003039B000F2202FA03F3AA
:10233C00DB43FA681340FB607B68404A934213D03E
:10234C007B683F4A93420DD07B683E4A934207D04C
:10235C007B683D4A934201D1032306E0042304E049
:10236C00022302E0012300E000237A6A02F0030258
:10237C0092009340FA681343FB602F497B6A9B08D9
:10238C000233FA6841F823203B685B6803F480133E
:10239C00002B06D02D4B9A682C49BB6913438B60DC
:1023AC0006E02A4B9A68BB69DB43284913408B60D3
:1023BC003B685B6803F40013002B06D0234BDA68F0
:1023CC002249BB691343CB6006E0204BDA68BB693A
:1023DC00DB431E491340CB603B685B6803F400335E
:1023EC00002B06D0194B5A681849BB6913434B6034
:1023FC0006E0164B5A68BB69DB43144913404B602B
:10240C003B685B6803F48033002B21D00F4B1A68B8
:10241C000E49BB6913430B6021E000BF0000321072
:10242C0000003110000022100000211000001210DA
:10243C000000111000100240000001400008014093
:10244C00000C014000100140001401400004014048
:10245C000B4B1A68BB69DB43094913400B607B6A61
:10246C0001337B623B681A687B6A22FA03F3002B08
:10247C007FF48EAE00BF00BF2C37BD4680BC7047CA
:10248C000004014080B485B000AF78600B467B80BF
:10249C007B689A687B881340002B02D00123FB7366
:1024AC0001E00023FB73FB7B18461437BD4680BC50
:1024BC00704780B483B000AF78600B467B801346C6
:1024CC007B707B78002B03D07A887B681A6103E0E1
:1024DC007B881A047B681A6100BF0C37BD4680BC30
:1024EC00704780B485B000AF78600B467B807B680A
:1024FC00DB68FB607A88FB6813401A04FB68D943DD
:10250C007B880B401A437B681A6100BF1437BD46A9
:10251C0080BC704780B584B000AF78607B68002BBE
:10252C0001D101232BE17B6893F83D30DBB2002B0A
:10253C0006D17B68002283F83C207868FEF7C6FE43
:10254C007B68242283F83D207B681B681A687B68B3
:10255C001B6822F001021A607B681B681A687B6892
:10256C001B6842F400421A607B681B681A687B681F
:10257C001B6822F400421A6001F0AAFEF8607B6826
:10258C005B68814A934207D8FB68804A934294BFA8
:10259C0001230023DBB206E0FB687D4A934294BF23
:1025AC0001230023DBB2002B01D00123E7E0FB6801
:1025BC00784AA2FB03239B0CBB607B681B685B689F
:1025CC0023F03F017B681B68BA680A435A607B683A
:1025DC001B681B6A23F03F017B685B686A4A934265
:1025EC0002D8BB68013309E0BB684FF4967202FB5A
:1025FC0003F3694AA2FB03239B0901337A6812682F
:10260C000B4313627B681B68DB6923F44F4222F097
:10261C00FF027B685B685C498B4219D8FB68591ECA
:10262C007B685B685B00B1FBF3F3591C40F6FC73F1
:10263C000B40002B0AD0FB68591E7B685B685B0063
:10264C00B1FBF3F30133C3F30B0351E004234FE06D
:10265C007B689B68002B11D1FB68581E7B685968FE
:10266C000B465B000B44B0FBF3F30133C3F30B03DA
:10267C00002B0CBF01230023DBB212E0FB68581EB9
:10268C007B6859680B469B000B4499000B44B0FBCC
:10269C00F3F30133C3F30B03002B0CBF0123002313
:1026AC00DBB2002B01D0012322E07B689B68002B5E
:1026BC000ED1FB68581E7B6859680B465B000B44B7
:1026CC00B0FBF3F30133C3F30B0343F400430FE00C
:1026DC00FB68581E7B6859680B469B000B4499009D
:1026EC000B44B0FBF3F30133C3F30B0343F440434C
:1026FC00796809681343CB617B681B681B6823F0FE
:10270C00C0017B68DA697B681B6A1A437B681B68AB
:10271C000A431A607B681B689B6823F4034323F00D
:10272C00FF037A6811697A68D26811437A68126873
:10273C000B4393607B681B68DB6823F0FF017B68AD
:10274C005A697B689B691A437B681B680A43DA6089
:10275C007B681B681A687B681B6842F001021A6070
:10276C007B6800221A647B68202283F83D207B68FA
:10277C0000221A637B68002283F83E20002318464F
:10278C001037BD4680BD00BFA08601007F841E00AF
:10279C00FF083D0083DE1B43D34D621080B588B02B
:1027AC0002AFF8607A601A460B467B8113463B8178
:1027BC00FEF774FF7861FB6893F83D30DBB2202B99
:1027CC0040F0E0807B690093192301227049F8687E
:1027DC0000F07EFF0346002B01D00223D3E0FB6800
:1027EC0093F83C30012B01D10223CCE0FB68012291
:1027FC0083F83C20FB681B681B6803F00103012B6A
:10280C0007D0FB681B681A68FB681B6842F0010262
:10281C001A60FB681B681A68FB681B6822F400626C
:10282C001A60FB68212283F83D20FB68102283F894
:10283C003E20FB6800221A64FB687A685A62FB68C7
:10284C003A895A85FB685B8D9AB2FB681A85FB68DE
:10285C00504ADA6279897B693A6AF86800F038FD87
:10286C000346002B01D001238DE000233B61FB6864
:10287C001B685B693B61FB681B689B693B613B693F
:10288C0066E07A69396AF86801F03CF80346002B77
:10289C000DD0FB681B6C042B07D1FB681B681A68F6
:1028AC00FB681B6842F400721A6001236BE0FB6842
:1028BC005B6A1A78FB681B681A61FB685B6A5A1CB6
:1028CC00FB685A62FB685B8D9BB2013B9AB2FB685A
:1028DC005A85FB681B8D013B9AB2FB681A85FB6815
:1028EC001B685B6903F00403042B1BD1FB681B8D75
:1028FC00002B17D0FB685B6A1A78FB681B681A619F
:10290C00FB685B6A5A1CFB685A62FB685B8D9BB266
:10291C00013B9AB2FB685A85FB681B8D013B9AB24E
:10292C00FB681A857A69396AF86801F033F803464E
:10293C00002B0DD0FB681B6C042B07D1FB681B68AC
:10294C001A68FB681B6842F400721A6001231AE0D3
:10295C00FB681B8D002B94D1FB681B681A68FB6805
:10296C001B6842F400721A60FB68202283F83D2039
:10297C00FB68002283F83E20FB68002283F83C2091
:10298C00002300E0022318461837BD4680BD00BF67
:10299C00020010000000FFFF80B588B002AFF860A5
:1029AC00084611461A4603467B810B463B8113466B
:1029BC00FB80FEF773FE7861FB6893F83D30DBB269
:1029CC00202B40F0D9807B690093192301226D499B
:1029DC00F86800F07DFE0346002B01D00223CCE00A
:1029EC00FB6893F83C30012B01D10223C5E0FB6856
:1029FC00012283F83C20FB681B681B6803F0010371
:102A0C00012B07D0FB681B681A68FB681B6842F037
:102A1C0001021A60FB681B681A68FB681B6822F4C9
:102A2C0000621A60FB68212283F83D20FB6840227B
:102A3C0083F83E20FB6800221A64FB683A6A5A62EB
:102A4C00FB68BA8C5A85FB685B8D9AB2FB681A8559
:102A5C00FB684D4ADA62F8883A8979897B69019377
:102A6C00BB6A00930346F86800F0B4FC0346002BE5
:102A7C0052D0012381E07A69B96AF86800F042FF0C
:102A8C000346002B0DD0FB681B6C042B07D1FB6895
:102A9C001B681A68FB681B6842F400721A600123F9
:102AAC006BE0FB685B6A1A78FB681B681A61FB6851
:102ABC005B6A5A1CFB685A62FB681B8D013B9AB21D
:102ACC00FB681A85FB685B8D9BB2013B9AB2FB6875
:102ADC005A85FB681B685B6903F00403042B1BD14C
:102AEC00FB681B8D002B17D0FB685B6A1A78FB68A0
:102AFC001B681A61FB685B6A5A1CFB685A62FB68AC
:102B0C001B8D013B9AB2FB681A85FB685B8D9BB2EF
:102B1C00013B9AB2FB685A85FB681B8D002BAAD12E
:102B2C007A69B96AF86800F035FF0346002B0DD0BE
:102B3C00FB681B6C042B07D1FB681B681A68FB68CD
:102B4C001B6842F400721A60012316E0FB681B68D4
:102B5C001A68FB681B6842F400721A60FB6820223A
:102B6C0083F83D20FB68002283F83E20FB6800229E
:102B7C0083F83C20002300E0022318461837BD469A
:102B8C0080BD00BF020010000000FFFF80B58CB0BC
:102B9C0002AFF860084611461A4603467B810B4685
:102BAC003B811346FB8000233B62FEF777FD786286
:102BBC00FB6893F83D30DBB2202B40F050827B6AEF
:102BCC000093192301228249F86800F081FD034625
:102BDC00002B01D0022343E2FB6893F83C30012B1D
:102BEC0001D102233CE2FB68012283F83C20FB6804
:102BFC001B681B6803F00103012B07D0FB681B68E3
:102C0C001A68FB681B6842F001021A60FB681B68BB
:102C1C001A68FB681B6822F400621A60FB682222A7
:102C2C0083F83D20FB68402283F83E20FB6800229D
:102C3C001A64FB683A6B5A62FB68BA8E5A85FB6859
:102C4C005B8D9AB2FB681A85FB68624ADA62F88877
:102C5C003A8979897B6A0193BB6B00930346F868C8
:102C6C0000F04EFC0346002B01D00123F8E1FB6879
:102C7C001B8D002B13D10023FB61FB681B685B6968
:102C8C00FB61FB681B689B69FB61FB69FB681B684C
:102C9C001A68FB681B6842F400721A60CCE1FB688E
:102CAC001B8D012B1ED1FB681B681A68FB681B6807
:102CBC0022F480621A6072B600BF0023BB61FB680D
:102CCC001B685B69BB61FB681B689B69BB61BB696B
:102CDC00FB681B681A68FB681B6842F400721A6078
:102CEC0062B635E0FB681B8D022B1ED1FB681B689E
:102CFC001A68FB681B6842F400621A6072B600BF67
:102D0C0000237B61FB681B685B697B61FB681B684C
:102D1C009B697B617B69FB681B681A68FB681B6895
:102D2C0022F480621A6062B612E0FB681B681A68B3
:102D3C00FB681B6842F480621A6000233B61FB68ED
:102D4C001B685B693B61FB681B689B693B613B696A
:102D5C0072E1FB681B8D032B00F21F81FB681B8D3E
:102D6C00012B23D17A6AB96BF86800F05BFE03463D
:102D7C00002B01D0012373E1FB681B681A69FB6807
:102D8C005B6AD2B21A70FB685B6A5A1CFB685A62A7
:102D9C00FB681B8D013B9AB2FB681A85FB685B8D47
:102DAC009BB2013B9AB2FB685A8545E1FB681B8DCF
:102DBC00022B52D17B6A0093BB6B00220649F86848
:102DCC0000F086FC0346002B08D0012348E100BF2D
:102DDC00020010000000FFFF0400010072B600BFEB
:102DEC00FB681B681A68FB681B6842F400721A6067
:102DFC00FB681B681A69FB685B6AD2B21A70FB68C5
:102E0C005B6A5A1CFB685A62FB681B8D013B9AB2C9
:102E1C00FB681A85FB685B8D9BB2013B9AB2FB6821
:102E2C005A8562B600BFFB681B681A69FB685B6A4F
:102E3C00D2B21A70FB685B6A5A1CFB685A62FB6858
:102E4C001B8D013B9AB2FB681A85FB685B8D9BB2AC
:102E5C00013B9AB2FB685A85EEE07B6A0093BB6B30
:102E6C0000228149F86800F033FC0346002B01D0A6
:102E7C000123F5E0FB681B681A68FB681B6822F4E9
:102E8C0080621A6072B600BFFB681B681A69FB6827
:102E9C005B6AD2B21A70FB685B6A5A1CFB685A6296
:102EAC00FB681B8D013B9AB2FB681A85FB685B8D36
:102EBC009BB2013B9AB2FB685A856C4B1B68DB08D2
:102ECC006B4AA2FB03231A0A13469B001344DA0035
:102EDC00D31A3B623B6A013B3B623B6A002B18D125
:102EEC00FB6800221A63FB68202283F83D20FB68F4
:102EFC00002283F83E20FB681B6C43F02002FB6829
:102F0C001A6462B600BFFB68002283F83C200123E0
:102F1C00A6E0FB681B685B6903F00403042BD9D1A2
:102F2C00FB681B681A68FB681B6842F400721A6025
:102F3C00FB681B681A69FB685B6AD2B21A70FB6883
:102F4C005B6A5A1CFB685A62FB681B8D013B9AB288
:102F5C00FB681A85FB685B8D9BB2013B9AB2FB68E0
:102F6C005A8562B600BFFB681B681A69FB685B6A0E
:102F7C00D2B21A70FB685B6A5A1CFB685A62FB6817
:102F8C001B8D013B9AB2FB681A85FB685B8D9BB26B
:102F9C00013B9AB2FB685A854EE07A6AB96BF868C5
:102FAC0000F040FD0346002B01D0012358E0FB68E4
:102FBC001B681A69FB685B6AD2B21A70FB685B6AA1
:102FCC005A1CFB685A62FB681B8D013B9AB2FB686A
:102FDC001A85FB685B8D9BB2013B9AB2FB685A85E4
:102FEC00FB681B685B6903F00403042B24D1FB68AA
:102FFC001B8D032B07D1FB681B681A68FB681B68C9
:10300C0022F480621A60FB681B681A69FB685B6AB1
:10301C00D2B21A70FB685B6A5A1CFB685A62FB6876
:10302C001B8D013B9AB2FB681A85FB685B8D9BB2CA
:10303C00013B9AB2FB685A85FB681B8D002B7FF411
:10304C0088AEFB68202283F83D20FB68002283F8C1
:10305C003E20FB68002283F83C20002300E0022382
:10306C0018462837BD4680BD04000100180000201A
:10307C0089B5F81480B58AB002AFF8607A603B600D
:10308C000B467B81FEF70AFBF8610023BB61FB68F2
:10309C0093F83D30DBB2202B40F01181FB6900939B
:1030AC00192301228849F86800F012FB0346002B13
:1030BC0001D0022304E1FB6893F83C30012B01D1D1
:1030CC000223FDE0FB68012283F83C20FB681B68AF
:1030DC001B6803F00103012B07D0FB681B681A68FF
:1030EC00FB681B6842F001021A60FB681B681A68D7
:1030FC00FB681B6822F400621A60FB68242283F8C8
:10310C003D20FB6800221A64FB68704ADA62FB6897
:10311C001B681A68FB681B6842F480721A60FB69B2
:10312C0000933B6800224FF00111F86800F0D0FAD0
:10313C000346002B0DD0FB681B681B6803F48073DF
:10314C00B3F5807F03D1FB684FF400721A6403233C
:10315C00B6E07B89DBB21A46FB681B6802F0FE0204
:10316C001A61FEF79BFAF861FB681B685B6903F058
:10317C000203022B0CBF01230023DBB2FB75FB689F
:10318C001B685B6903F48063B3F5806F0CBF01238C
:10319C000023DBB2BB7525E0FEF780FA0246FB6923
:1031AC00D31A3A689A4202D33B68002B03D1FB68CE
:1031BC00A02283F83D20FB681B685B6903F00203C7
:1031CC00022B0CBF01230023DBB2FB75FB681B68D1
:1031DC005B6903F48063B3F5806F0CBF012300239C
:1031EC00DBB2BB75FB6893F83D30DBB2A02B05D08E
:1031FC00FB7D002B02D1BB7D002BCDD0FB682022A8
:10320C0083F83D20FB681B685B6903F00203022B0B
:10321C0029D1FB681B681A68FB681B6842F40072B2
:10322C001A6000233B61FB681B685B693B61FB68B0
:10323C001B689B693B613B69FB6900931923012265
:10324C002149F86800F044FA0346002B01D0012311
:10325C0036E0FB68202283F83D20FB68002283F8CF
:10326C003C2000232CE0FB681B681A68FB681B6879
:10327C0042F400721A60FB681B686FF480625A613A
:10328C00FB690093192301220F49F86800F020FA1A
:10329C000346002B01D0012312E0BB690133BB6153
:1032AC00BA697B689A42FFF432AFFB68202283F83C
:1032BC003D20FB68002283F83C20012300E0022320
:1032CC0018462037BD4680BD020010000000FFFFED
:1032DC0080B588B002AFF8607A603B600B467B81AA
:1032EC00FB68DB6A7B617B69082B06D07B69012B51
:1032FC0003D07B6913F5803F08D1FB681B681A6803
:10330C00FB681B6842F480721A600BE0FB681B6B55
:10331C00122B07D1FB681B681A68FB681B6842F408
:10332C0080721A603B6800937B6800224FF0011199
:10333C00F86800F0CDF90346002B0DD0FB681B6834
:10334C001B6803F48073B3F5807F03D1FB684FF4E3
:10335C0000721A64032335E0FB681B69B3F5804FD8
:10336C0008D17B89DBB21A46FB681B6802F0FE02AF
:10337C001A611BE07B89DB11DBB203F00603DBB2C5
:10338C0063F00F03DAB2FB681B681A613B687A685A
:10339C000E49F86800F016FA0346002B01D0012301
:1033AC0010E07B89DAB2FB681B681A613B687A68AB
:1033BC000749F86800F006FA0346002B01D00123F8
:1033CC0000E0002318461837BD4680BD08000100F8
:1033DC000200010080B588B002AFF86008461146C3
:1033EC001A4603467B810B463B811346FB80FB68E8
:1033FC001B681A68FB681B6842F480721A607B6A4F
:10340C0000933B6A00224FF00111F86800F060F95C
:10341C000346002B0DD0FB681B681B6803F48073FC
:10342C00B3F5807F03D1FB684FF400721A64032359
:10343C005FE07B89DBB21A46FB681B6802F0FE0278
:10344C001A617B6A3A6A2D49F86800F0BBF90346A9
:10345C00002B01D001234CE000237B61FB681B682F
:10346C005B697B61FB681B689B697B617B697A6A22
:10347C00396AF86800F046FA0346002B0DD0FB6859
:10348C001B6C042B07D1FB681B681A68FB681B6854
:10349C0042F400721A6001232BE0FB88012B05D14A
:1034AC003B89DAB2FB681B681A6121E03B891B0A75
:1034BC009BB2DAB2FB681B681A617A6A396AF868DF
:1034CC0000F020FA0346002B0DD0FB681B6C042B7C
:1034DC0007D1FB681B681A68FB681B6842F4007212
:1034EC001A60012305E03B89DAB2FB681B681A619C
:1034FC00002318461837BD4680BD00BF02000100EE
:10350C0080B588B002AFF860084611461A460346EB
:10351C007B810B463B811346FB80FB681B681A685A
:10352C00FB681B6842F480621A60FB681B681A68AF
:10353C00FB681B6842F480721A607B6A00933B6ADA
:10354C0000224FF00111F86800F0C2F80346002B7E
:10355C000DD0FB681B681B6803F48073B3F5807F88
:10356C0003D1FB684FF400721A640323AAE07B8931
:10357C00DBB21A46FB681B6802F0FE021A617B6A1A
:10358C003A6A5249F86800F01DF90346002B01D045
:10359C00012397E000237B61FB681B685B697B61FF
:1035AC00FB681B689B697B617B697A6A396AF8687E
:1035BC0000F0A8F90346002B0DD0FB681B6C042B04
:1035CC0007D1FB681B681A68FB681B6842F4007221
:1035DC001A60012376E0FB88012B05D13B89DAB216
:1035EC00FB681B681A6121E03B891B0A9BB2DAB2AB
:1035FC00FB681B681A617A6A396AF86800F082F90C
:10360C000346002B0DD0FB681B6C042B07D1FB6809
:10361C001B681A68FB681B6842F400721A6001236D
:10362C0050E03B89DAB2FB681B681A617A6A396A26
:10363C00F86800F067F90346002B0DD0FB681B6C93
:10364C00042B07D1FB681B681A68FB681B6842F4E3
:10365C0000721A60012335E0FB681B681A68FB686E
:10366C001B6842F480721A607B6A00933B6A0022EA
:10367C004FF00111F86800F02BF80346002B0DD029
:10368C00FB681B681B6803F48073B3F5807F03D160
:10369C00FB684FF400721A64032313E07B89DBB2DE
:1036AC0043F00103DAB2FB681B681A617B6A3A6A61
:1036BC000649F86800F086F80346002B01D0012378
:1036CC0000E0002318461837BD4680BD02000100FB
:1036DC0080B584B000AFF860B9603B601346FB71F5
:1036EC0048E03B68B3F1FF3F44D0FDF7D7FF0246FB
:1036FC00BB69D31A3A689A4202D33B68002B39D182
:10370C00BB681B0CDBB2012B0DD1FB681B685B6922
:10371C00DA43BB6813409BB2002B0CBF0123002380
:10372C00DBB21A460CE0FB681B689B69DA43BB688A
:10373C0013409BB2002B0CBF01230023DBB21A46B3
:10374C00FB799A4216D1FB6800221A63FB6820228F
:10375C0083F83D20FB68002283F83E20FB681B6C3D
:10376C0043F02002FB681A64FB68002283F83C20BB
:10377C00012323E0BB681B0CDBB2012B0DD1FB68D2
:10378C001B685B69DA43BB6813409BB2002B0CBF10
:10379C0001230023DBB21A460CE0FB681B689B6913
:1037AC00DA43BB6813409BB2002B0CBF01230023F0
:1037BC00DBB21A46FB799A4293D000231846103795
:1037CC00BD4680BD80B584B000AFF860B9607A604A
:1037DC003B6071E0FB681B685B6903F48063B3F5C5
:1037EC00806F23D1FB681B681A68FB681B6842F466
:1037FC0000721A60FB681B686FF480625A61FB6888
:10380C0000221A63FB68202283F83D20FB6800220B
:10381C0083F83E20FB681B6C43F00402FB681A64BF
:10382C00FB68002283F83C20012367E07B68B3F13E
:10383C00FF3F41D0FDF732FF02463B68D31A7A684E
:10384C009A4202D37B68002B36D1BB681B0CDBB2CF
:10385C00012B0CD1FB681B685B69DA43BB68134016
:10386C009BB2002B14BF01230023DBB20BE0FB68DF
:10387C001B689B69DA43BB6813409BB2002B14BFD7
:10388C0001230023DBB2002B16D0FB6800221A6345
:10389C00FB68202283F83D20FB68002283F83E2041
:1038AC00FB681B6C43F02002FB681A64FB68002267
:1038BC0083F83C20012321E0BB681B0CDBB2012BFD
:1038CC000CD1FB681B685B69DA43BB6813409BB285
:1038DC00002B14BF01230023DBB20BE0FB681B6839
:1038EC009B69DA43BB6813409BB2002B14BF0123C6
:1038FC000023DBB2002B7FF46DAF0023184610378A
:10390C00BD4680BD80B584B000AFF860B9607A6008
:10391C0034E0F86800F0E3F80346002B01D00123F3
:10392C0034E0BB68B3F1FF3F28D0FDF7B7FE024689
:10393C007B68D31ABA689A4202D3BB68002B1DD19C
:10394C00FB681B685B6903F08003802B16D0FB6857
:10395C0000221A63FB68202283F83D20FB680022BA
:10396C0083F83E20FB681B6C43F02002FB681A6452
:10397C00FB68002283F83C20012307E0FB681B68EE
:10398C005B6903F08003802BC3D1002318461037EA
:10399C00BD4680BD80B584B000AFF860B9607A6078
:1039AC0034E0F86800F09BF80346002B01D00123AB
:1039BC0034E0BB68B3F1FF3F28D0FDF76FFE024641
:1039CC007B68D31ABA689A4202D3BB68002B1DD10C
:1039DC00FB681B685B6903F00403042B16D0FB68BF
:1039EC0000221A63FB68202283F83D20FB6800222A
:1039FC0083F83E20FB681B6C43F02002FB681A64C2
:103A0C00FB68002283F83C20012307E0FB681B685D
:103A1C005B6903F00403042BC3D100231846103751
:103A2C00BD4680BD80B584B000AFF860B9607A60E7
:103A3C0049E0FB681B685B6903F01003102B19D17C
:103A4C00FB681B686FF010025A61FB6800221A6356
:103A5C00FB68202283F83D20FB68002283F83E207F
:103A6C00FB681A6CFB681A64FB68002283F83C2024
:103A7C00012330E0FDF712FE02467B68D31ABA68C8
:103A8C009A4202D3BB68002B1DD1FB681B685B6993
:103A9C0003F04003402B16D0FB6800221A63FB682E
:103AAC00202283F83D20FB68002283F83E20FB682F
:103ABC001B6C43F02002FB681A64FB68002283F83D
:103ACC003C20012307E0FB681B685B6903F04003A3
:103ADC00402BAED1002318461037BD4680BD80B4B4
:103AEC0083B000AF78607B681B685B6903F480630C
:103AFC00B3F5806F1BD17B681B686FF480625A61D1
:103B0C007B6800221A637B68202283F83D207B6847
:103B1C00002283F83E207B681B6C43F004027B6818
:103B2C001A647B68002283F83C20012300E0002308
:103B3C0018460C37BD4680BC7047000080B586B077
:103B4C0000AF78607B68002B01D1012372E27B68A7
:103B5C001B6803F00103002B00F08780924B5B681D
:103B6C0003F00C03042B0CD08F4B5B6803F00C039D
:103B7C00082B12D18C4B5B6803F48033B3F5803F78
:103B8C000BD1894B1B6803F40033002B6CD07B6882
:103B9C005B68002B68D101234CE27B685B68B3F552
:103BAC00803F06D1804B1B687F4A43F480331360FF
:103BBC002EE07B685B68002B0CD17B4B1B687A4A30
:103BCC0023F480331360784B1B68774A23F48023EB
:103BDC0013601DE07B685B68B3F5A02F0CD1724BB2
:103BEC001B68714A43F4802313606F4B1B686E4A49
:103BFC0043F4803313600BE06B4B1B686A4A23F46D
:103C0C0080331360684B1B68674A23F4802313606E
:103C1C007B685B68002B13D0FDF740FD386108E032
:103C2C00FDF73CFD02463B69D31A642B01D90323F3
:103C3C0000E25D4B1B6803F40033002BF0D014E062
:103C4C00FDF72CFD386108E0FDF728FD02463B69C5
:103C5C00D31A642B01D90323ECE1534B1B6803F4F7
:103C6C000033002BF0D100E000BF7B681B6803F031
:103C7C000203002B63D04C4B5B6803F00C03002B4E
:103C8C000BD0494B5B6803F00C03082B1CD1464B43
:103C9C005B6803F48033002B16D1434B1B6803F095
:103CAC000203002B05D07B681B69012B01D001237B
:103CBC00C0E13D4B1B6823F0F8027B685B69DB00BD
:103CCC00394913430B603AE07B681B69002B20D009
:103CDC00364B01221A60FDF7E1FC386108E0FDF774
:103CEC00DDFC02463B69D31A022B01D90323A1E167
:103CFC002D4B1B6803F00203002BF0D02A4B1B68E2
:103D0C0023F0F8027B685B69DB00274913430B60E7
:103D1C0015E0264B00221A60FDF7C0FC386108E064
:103D2C00FDF7BCFC02463B69D31A022B01D90323D5
:103D3C0080E11D4B1B6803F00203002BF0D17B6864
:103D4C001B6803F00803002B3AD07B689B69002B9F
:103D5C0019D0174B01221A60FDF7A0FC386108E05E
:103D6C00FDF79CFC02463B69D31A022B01D90323B5
:103D7C0060E10D4B5B6A03F00203002BF0D00120D5
:103D8C0000F0CEFA1CE00A4B00221A60FDF786FC0C
:103D9C0038610FE0FDF782FC02463B69D31A022B17
:103DAC0008D9032346E100BF001002400000424244
:103DBC0080044242924B5B6A03F00203002BE9D170
:103DCC007B681B6803F00403002B00F0A680002323
:103DDC00FB758B4BDB6903F08053002B0DD1884BAB
:103DEC00DB69874A43F08053D361854BDB6903F071
:103DFC008053BB60BB680123FB75824B1B6803F4CB
:103E0C008073002B18D17F4B1B687E4A43F4807360
:103E1C001360FDF743FC386108E0FDF73FFC0246F8
:103E2C003B69D31A642B01D9032303E1754B1B683F
:103E3C0003F48073002BF0D07B68DB68012B06D178
:103E4C006F4B1B6A6E4A43F0010313622DE07B68D3
:103E5C00DB68002B0CD16A4B1B6A694A23F0010307
:103E6C001362674B1B6A664A23F0040313621CE05F
:103E7C007B68DB68052B0CD1614B1B6A604A43F0F5
:103E8C00040313625E4B1B6A5D4A43F00103136229
:103E9C000BE05B4B1B6A5A4A23F001031362584B2D
:103EAC001B6A574A23F0040313627B68DB68002B00
:103EBC0015D0FDF7F3FB38610AE0FDF7EFFB024686
:103ECC003B69D31A41F28832934201D90323B1E002
:103EDC004B4B1B6A03F00203002BEED014E0FDF7F2
:103EEC00DDFB38610AE0FDF7D9FB02463B69D31ACA
:103EFC0041F28832934201D903239BE0404B1B6A69
:103F0C0003F00203002BEED1FB7D012B05D13C4BC2
:103F1C00DB693B4A23F08053D3617B68DB69002B60
:103F2C0000F08780364B5B6803F00C03082B61D0E4
:103F3C007B68DB69022B46D1334B00221A60FDF7FC
:103F4C00ADFB386108E0FDF7A9FB02463B69D31ACB
:103F5C00022B01D903236DE0294B1B6803F000737E
:103F6C00002BF0D17B681B6AB3F5803F08D1244B42
:103F7C005B6823F400327B689B68214913434B60D8
:103F8C001F4B5B6823F474127B68196A7B685B6A4D
:103F9C000B431B4913434B601B4B01221A60FDF76B
:103FAC007DFB386108E0FDF779FB02463B69D31ACB
:103FBC00022B01D903233DE0114B1B6803F0007366
:103FCC00002BF0D035E0104B00221A60FDF766FB99
:103FDC00386108E0FDF762FB02463B69D31A022BFD
:103FEC0001D9032326E0064B1B6803F00073002B5A
:103FFC00F0D11EE07B68DB69012B07D1012319E0AE
:10400C000010024000700040600042420B4B5B68A5
:10401C00FB60FB6803F480327B681B6A9A4206D112
:10402C00FB6803F470127B685B6A9A4201D001232F
:10403C0000E0002318461837BD4680BD0010024032
:10404C0080B584B000AF786039607B68002B01D1FB
:10405C000123D0E06A4B1B6803F007033A689A42CD
:10406C0010D9674B1B6823F0070265493B68134363
:10407C000B60634B1B6803F007033A689A4201D04C
:10408C000123B8E07B681B6803F00203002B20D0EF
:10409C007B681B6803F00403002B05D0594B5B684D
:1040AC00584A43F4E06353607B681B6803F00803D1
:1040BC00002B05D0534B5B68524A43F4605353605A
:1040CC00504B5B6823F0F0027B689B684D491343AF
:1040DC004B607B681B6803F00103002B40D07B68AE
:1040EC005B68012B07D1474B1B6803F40033002B93
:1040FC0015D101237FE07B685B68022B07D1414B14
:10410C001B6803F00073002B09D1012373E03D4BB6
:10411C001B6803F00203002B01D101236BE0394B28
:10412C005B6823F003027B685B68364913434B6082
:10413C00FDF7B4FAF8600AE0FDF7B0FA0246FB6846
:10414C00D31A41F28832934201D9032353E02D4B09
:10415C005B6803F00C027B685B689B009A42EBD1B6
:10416C00274B1B6803F007033A689A4210D2244B82
:10417C001B6823F0070222493B6813430B60204B5A
:10418C001B6803F007033A689A4201D0012332E01E
:10419C007B681B6803F00403002B08D0194B5B6889
:1041AC0023F4E0627B68DB68164913434B607B6841
:1041BC001B6803F00803002B09D0124B5B6823F437
:1041CC0060527B681B69DB000E4913434B6000F0A7
:1041DC0021F802460B4B5B681B0903F00F030A49DD
:1041EC00CB5C22FA03F3094A1360094B1B6818468F
:1041FC00FDF712FA002318461037BD4680BD00BFEC
:10420C00002002400010024080A40008180000208A
:10421C001C00002080B487B000AF0023FB6000239B
:10422C00BB6000237B6100237B6000233B611E4B42
:10423C005B68FB60FB6803F00C03042B02D0082BBB
:10424C0003D027E0194B3B6127E0FB689B0C03F084
:10425C000F03174AD35C7B60FB6803F48033002B9D
:10426C0010D0114B5B685B0C03F00103114AD35C5B
:10427C00BB607B680D4A03FB02F2BB68B2FBF3F335
:10428C007B6104E07B680C4A02FB03F37B617B6976
:10429C003B6102E0054B3B6100BF3B6918461C3794
:1042AC00BD4680BC704700BF0010024000127A006F
:1042BC0098A40008A8A4000800093D0080B400AF31
:1042CC00024B1B681846BD4680BC70471800002086
:1042DC0080B500AFFFF7F2FF0246054B5B681B0A87
:1042EC0003F007030349CB5C22FA03F3184680BDA5
:1042FC000010024090A4000880B500AFFFF7DEFF6D
:10430C000246054B5B68DB0A03F007030349CB5CF1
:10431C0022FA03F3184680BD0010024090A4000856
:10432C0080B485B000AF78600A4B1B680A4AA2FBC8
:10433C0003235B0A7A6802FB03F3FB6000BFFB6894
:10434C005A1EFA60002BF9D100BF00BF1437BD46CE
:10435C0080BC704718000020D34D621080B586B029
:10436C0000AF786000233B610023FB607B681B6817
:10437C0003F00103002B7DD00023FB754F4BDB6951
:10438C0003F08053002B0DD14C4BDB694B4A43F0AF
:10439C008053D361494BDB6903F08053BB60BB682E
:1043AC000123FB75464B1B6803F48073002B18D15B
:1043BC00434B1B68424A43F480731360FDF76EF95C
:1043CC00386108E0FDF76AF902463B69D31A642BA1
:1043DC0001D903236DE03A4B1B6803F48073002B67
:1043EC00F0D0364B1B6A03F44073FB60FB68002B68
:1043FC002ED07B685B6803F44073FA689A4227D02E
:10440C002E4B1B6A23F44073FB602E4B01221A6067
:10441C002C4B00221A60294AFB681362FB6803F0DC
:10442C000103002B14D0FDF739F938610AE0FDF7D0
:10443C0035F902463B69D31A41F28832934201D9CD
:10444C00032336E01D4B1B6A03F00203002BEED056
:10445C001A4B1B6A23F440727B685B681749134341
:10446C000B62FB7D012B05D1144BDB69134A23F046
:10447C008053D3617B681B6803F00203002B08D0C8
:10448C000E4B5B6823F440427B689B680B491343DB
:10449C004B607B681B6803F01003002B08D0074BA4
:1044AC005B6823F480027B68DB68044913434B6030
:1044BC00002318461837BD4680BD00BF00100240CF
:1044CC00007000404004424280B588B000AF786074
:1044DC0000237B610023FB6100233B610023FB6015
:1044EC000023BB617B68102B0AD07B68102B00F279
:1044FC008A807B68012B45D07B68022B75D082E0CB
:10450C00464B5B68FB60454B1B6803F08073002BCC
:10451C007BD0FB689B0C03F00F03414AD35C3B61DF
:10452C00FB6803F48033002B15D03C4B5B685B0CB1
:10453C0003F001033B4AD35C7B61FB6803F48033DB
:10454C00002B0DD0384A7B69B2FBF3F23B6902FBBE
:10455C0003F3FB6104E03B69344A02FB03F3FB61A8
:10456C002E4B5B6803F48003B3F5800F02D1FB691B
:10457C00BB614AE0FB695B002D4AA2FB03235B088D
:10458C00BB6142E0254B1B6AFB60FB6803F4407384
:10459C00B3F5807F08D1FB6803F00203002B03D036
:1045AC004FF40043BB611FE0FB6803F44073B3F5A9
:1045BC00007F09D1194B5B6A03F00203002B03D077
:1045CC0049F64043BB610FE0FB6803F44073B3F55D
:1045DC00407F1CD1114B1B6803F40033002B16D009
:1045EC004FF22443BB6112E011E0FFF785FE024657
:1045FC000A4B5B689B0B03F0030301335B00B2FBBC
:10460C00F3F3BB6104E000BF02E000BF00E000BFB9
:10461C00BB6918462037BD4680BD00BF0010024064
:10462C00ACA40008BCA4000800127A0000093D00EC
:10463C00ABAAAAAA80B582B000AF78607B68002BC9
:10464C0001D1012376E07B685B6A002B08D17B6883
:10465C005B68B3F5827F09D07B680022DA6105E0E4
:10466C007B6800221A617B6800225A617B680022F9
:10467C009A627B6893F85130DBB2002B06D17B68D1
:10468C00002283F850207868FCF760FE7B680222D9
:10469C0083F851207B681B681A687B681B6822F0C2
:1046AC0040021A607B685B6803F482727B689B68CB
:1046BC0003F404431A437B68DB6803F400631A4376
:1046CC007B681B6903F002031A437B685B6903F088
:1046DC0001031A437B689B6903F400731A437B68DC
:1046EC00DB6903F038031A437B681B6A03F0800311
:1046FC0042EA03017B689B6A03F400527B681B68E7
:10470C000A431A607B689B691A0C7B681B6802F071
:10471C0004025A607B681B68DA697B681B6822F4A8
:10472C000062DA617B6800225A657B68012283F89B
:10473C005120002318460837BD4680BD80B58AB08D
:10474C0000AFF860B9607A607B8001237B62FCF774
:10475C00A5FF3862FB6893F85130FB77FB685B6808
:10476C00BB617B88FB82FB7F012B0CD0BB69B3F553
:10477C00827F06D1FB689B68002B02D1FB7F042B48
:10478C0001D002237FE1BB68002B05D07B68002B96
:10479C0002D07B88002B01D1012374E1FB6893F8D4
:1047AC005030012B01D102236DE1FB68012283F80B
:1047BC005020FB6893F85130DBB2042B03D0FB681C
:1047CC00052283F85120FB6800225A65FB687A6841
:1047DC009A63FB687A88DA87FB687A889A87FB6821
:1047EC00BA681A63FB687A88DA86FB687A889A86D4
:1047FC00FB6800221A64FB6800225A64FB681B6881
:10480C001B6803F04003402B07D0FB681B681A6839
:10481C00FB681B6842F040021A60FB68DB68B3F56A
:10482C00006F7ED1FB685B68002B02D0FB8A012BEA
:10483C006CD1FB681B6B1A88FB681B68DA60FB6821
:10484C001B6B9A1CFB681A63FB68DB8E9BB2013BEB
:10485C009AB2FB68DA8659E0FB681B689B6803F028
:10486C000203022B1BD1FB68DB8E9BB2002B16D0F4
:10487C007B6A012B13D1FB681B6B1A88FB681B68C6
:10488C00DA60FB681B6B9A1CFB681A63FB68DB8E97
:10489C009BB2013B9AB2FB68DA8600237B62FB6811
:1048AC001B689B6803F00103012B19D1FB68DB8F9C
:1048BC009BB2002B14D0FB681B68DA68FB689B6BFF
:1048CC0092B21A80FB689B6B9A1CFB689A63FB681C
:1048DC00DB8F9BB2013B9AB2FB68DA8701237B62C8
:1048EC00FCF7DCFE02463B6AD31A3A6B9A420DD8AF
:1048FC003B6BB3F1FF3F09D0FB68012283F85120D9
:10490C00FB68002283F850200323BCE0FB68DB8E9D
:10491C009BB2002BA0D1FB68DB8F9BB2002B9BD1F1
:10492C0082E0FB685B68002B02D0FB8A012B71D103
:10493C00FB681A6BFB681B680C3312781A70FB68E7
:10494C001B6B5A1CFB681A63FB68DB8E9BB2013B2A
:10495C009AB2FB68DA865DE0FB681B689B6803F023
:10496C000203022B1CD1FB68DB8E9BB2002B17D0F1
:10497C007B6A012B14D1FB681A6BFB681B680C3328
:10498C0012781A70FB681B6B5A1CFB681A63FB6865
:10499C00DB8E9BB2013B9AB2FB68DA8600237B620A
:1049AC00FB681B689B6803F00103012B19D1FB68A2
:1049BC00DB8F9BB2002B14D0FB681B68DA68FB689A
:1049CC009B6BD2B21A70FB689B6B5A1CFB689A6388
:1049DC00FB68DB8F9BB2013B9AB2FB68DA87012341
:1049EC007B62FCF75BFE02463B6AD31A3A6B9A4237
:1049FC0003D83B6BB3F1FF3F02D13B6B002B09D1CA
:104A0C00FB68012283F85120FB68002283F85020B8
:104A1C00032338E0FB68DB8E9BB2002B9CD1FB6838
:104A2C00DB8F9BB2002B97D13A6A396BF86800F098
:104A3C00B7F80346002B08D0FB6820225A65FB68A8
:104A4C00002283F8502001231DE0FB689B68002B9B
:104A5C000AD100233B61FB681B68DB683B61FB6888
:104A6C001B689B683B613B69FB68012283F8512002
:104A7C00FB68002283F85020FB685B6D002B01D093
:104A8C00012300E0002318462837BD4680BD0000F6
:104A9C0080B588B000AFF860B9603B601346FB711D
:104AAC00FCF7FCFD0246BB6A9B1A3A681344FB6197
:104ABC00FCF7F4FDB861394B1B685B011B0DFA69FF
:104ACC0002FB03F37B6154E03B68B3F1FF3F50D032
:104ADC00FCF7E4FD0246BB69D31AFA699A4202D983
:104AEC00FB69002B3DD1FB681B685A68FB681B688F
:104AFC0022F0E0025A60FB685B68B3F5827F11D14B
:104B0C00FB689B68B3F5004F04D0FB689B68B3F55A
:104B1C00806F07D1FB681B681A68FB681B6822F062
:104B2C0040021A60FB689B6AB3F5005F0FD1FB680B
:104B3C001B681A68FB681B6822F400521A60FB6839
:104B4C001B681A68FB681B6842F400521A60FB6809
:104B5C00012283F85120FB68002283F850200323A4
:104B6C0017E07B69002B01D10023FB617B69013BC2
:104B7C007B61FB681B689A68BB681340BA689A42F1
:104B8C000CBF01230023DBB21A46FB799A429BD15E
:104B9C00002318462037BD4680BD00BF18000020FA
:104BAC0080B586B002AFF860B9607A607B6800931C
:104BBC00BB6801220221F868FFF76AFF0346002B4D
:104BCC0007D0FB685B6D43F02002FB685A6503233A
:104BDC0013E07B680093BB6800228021F868FFF724
:104BEC0057FF0346002B07D0FB685B6D43F0200298
:104BFC00FB685A65032300E0002318461037BD46B6
:104C0C0080BD80B582B000AF78607B68002B01D18D
:104C1C00012341E07B6893F83D30DBB2002B06D1D9
:104C2C007B68002283F83C207868FCF7D9FB7B6812
:104C3C00022283F83D207B681A687B68043319468E
:104C4C00104600F0A1FC7B68012283F846207B68AB
:104C5C00012283F83E207B68012283F83F207B6889
:104C6C00012283F840207B68012283F841207B6875
:104C7C00012283F842207B68012283F843207B6861
:104C8C00012283F844207B68012283F845207B684D
:104C9C00012283F83D20002318460837BD4680BD0D
:104CAC0080B485B000AF78607B6893F83D30DBB2A0
:104CBC00012B01D0012332E07B68022283F83D20D6
:104CCC007B681B68184A93420ED07B681B68B3F153
:104CDC00804F09D07B681B68144A934204D07B68D0
:104CEC001B68134A934211D17B681B689B6803F0C5
:104CFC000703FB60FB68062B10D07B681B681A68E7
:104D0C007B681B6842F001021A6007E07B681B6835
:104D1C001A687B681B6842F001021A60002318466F
:104D2C001437BD4680BC7047002C01400004004085
:104D3C000008004080B483B000AF78607B681B68CB
:104D4C001A6A41F211131340002B0FD17B681B68B8
:104D5C001A6A40F244431340002B07D17B681B684E
:104D6C001A687B681B6822F001021A607B680122BA
:104D7C0083F83D20002318460C37BD4680BC704795
:104D8C0080B582B000AF78607B68002B01D1012325
:104D9C0041E07B6893F83D30DBB2002B06D17B6899
:104DAC00002283F83C20786800F039F87B680222F6
:104DBC0083F83D207B681A687B68043319461046DB
:104DCC0000F0E2FB7B68012283F846207B6801221D
:104DDC0083F83E207B68012283F83F207B68012208
:104DEC0083F840207B68012283F841207B680122F4
:104DFC0083F842207B68012283F843207B680122E0
:104E0C0083F844207B68012283F845207B680122CB
:104E1C0083F83D20002318460837BD4680BD80B47A
:104E2C0083B000AF786000BF0C37BD4680BC7047C4
:104E3C0080B584B000AF786039603B68002B09D135
:104E4C007B6893F83E30DBB2012B14BF01230023A7
:104E5C00DBB222E03B68042B09D17B6893F83F302E
:104E6C00DBB2012B14BF01230023DBB215E03B683E
:104E7C00082B09D17B6893F84030DBB2012B14BFAF
:104E8C0001230023DBB208E07B6893F84130DBB2EE
:104E9C00012B14BF01230023DBB2002B01D0012313
:104EAC005EE03B68002B04D17B68022283F83E2035
:104EBC0013E03B68042B04D17B68022283F83F206B
:104ECC000BE03B68082B04D17B68022283F840205E
:104EDC0003E07B68022283F841207B681B68012277
:104EEC003968184600F0DCFD7B681B681E4A93424B
:104EFC0007D17B681B685A6C7B681B6842F40042C4
:104F0C005A647B681B68184A93420ED07B681B68F6
:104F1C00B3F1804F09D07B681B68144A934204D0CC
:104F2C007B681B68124A934211D17B681B689B6893
:104F3C0003F00703FB60FB68062B10D07B681B6833
:104F4C001A687B681B6842F001021A6007E07B68F4
:104F5C001B681A687B681B6842F001021A60002308
:104F6C0018461037BD4680BD002C0140000400409F
:104F7C000008004080B582B000AF786039607B6873
:104F8C001B6800223968184600F08AFD7B681B6894
:104F9C00294A934217D17B681B681A6A41F2111394
:104FAC001340002B0FD17B681B681A6A40F24443F4
:104FBC001340002B07D17B681B685A6C7B681B68FD
:104FCC0022F400425A647B681B681A6A41F211137E
:104FDC001340002B0FD17B681B681A6A40F24443C4
:104FEC001340002B07D17B681B681A687B681B6811
:104FFC0022F001021A603B68002B04D17B6801226D
:10500C0083F83E2013E03B68042B04D17B6801221B
:10501C0083F83F200BE03B68082B04D17B6801220E
:10502C0083F8402003E07B68012283F841200023B1
:10503C0018460837BD4680BD002C014080B584B0B1
:10504C0000AF78607B681B68DB68FB607B681B6863
:10505C001B69BB60BB6803F00203002B20D0FB680C
:10506C0003F00203002B1BD07B681B686FF002025D
:10507C001A617B6801221A777B681B689B6903F0B5
:10508C000303002B03D0786800F063FA05E078681E
:10509C0000F056FA786800F065FA7B6800221A77FF
:1050AC00BB6803F00403002B20D0FB6803F004035F
:1050BC00002B1BD07B681B686FF004021A617B68A5
:1050CC0002221A777B681B689B6903F44073002BE0
:1050DC0003D0786800F03DFA05E0786800F030FA0B
:1050EC00786800F03FFA7B6800221A77BB6803F0FF
:1050FC000803002B20D0FB6803F00803002B1BD007
:10510C007B681B686FF008021A617B6804221A77AF
:10511C007B681B68DB6903F00303002B03D0786802
:10512C0000F017FA05E0786800F00AFA786800F0E9
:10513C0019FA7B6800221A77BB6803F01003002B66
:10514C0020D0FB6803F01003002B1BD07B681B687E
:10515C006FF010021A617B6808221A777B681B6853
:10516C00DB6903F44073002B03D0786800F0F1F98D
:10517C0005E0786800F0E4F9786800F0F3F97B68F2
:10518C0000221A77BB6803F00103002B0CD0FB68DC
:10519C0003F00103002B07D07B681B686FF0010242
:1051AC001A61786800F0C3F9BB6803F08003002B28
:1051BC000CD0FB6803F08003002B07D07B681B68C6
:1051CC006FF080021A61786800F046FDBB6803F04E
:1051DC004003002B0CD0FB6803F04003002B07D0DE
:1051EC007B681B686FF040021A61786800F0C3F9A5
:1051FC00BB6803F02003002B0CD0FB6803F02003EA
:10520C00002B07D07B681B686FF020021A6178684E
:10521C0000F019FD00BF1037BD4680BD80B586B0CB
:10522C0000AFF860B9607A600023FB75FB6893F8F7
:10523C003C30012B01D10223AEE0FB68012283F844
:10524C003C207B680C2B00F29F8001A252F823F0CB
:10525C009152000895530008955300089553000887
:10526C00D152000895530008955300089553000837
:10527C0013530008955300089553000895530008E4
:10528C0053530008FB681B68B968184600F0EAF92C
:10529C00FB681B689A69FB681B6842F008029A61FC
:1052AC00FB681B689A69FB681B6822F004029A6110
:1052BC00FB681B689969BB681A69FB681B680A4321
:1052CC009A6164E0FB681B68B968184600F030FA14
:1052DC00FB681B689A69FB681B6842F400629A6160
:1052EC00FB681B689A69FB681B6822F480629A61F0
:1052FC00FB681B689969BB681B691A02FB681B6811
:10530C000A439A6143E0FB681B68B968184600F0D1
:10531C0079FAFB681B68DA69FB681B6842F00802C3
:10532C00DA61FB681B68DA69FB681B6822F004020F
:10533C00DA61FB681B68D969BB681A69FB681B6872
:10534C000A43DA6123E0FB681B68B968184600F071
:10535C00C3FAFB681B68DA69FB681B6842F40062DD
:10536C00DA61FB681B68DA69FB681B6822F48062EF
:10537C00DA61FB681B68D969BB681B691A02FB6898
:10538C001B680A43DA6102E00123FB7500BFFB686E
:10539C00002283F83C20FB7D18461837BD4680BDA3
:1053AC0080B584B000AF786039600023FB737B68F4
:1053BC0093F83C30012B01D10223B4E07B6801222D
:1053CC0083F83C207B68022283F83D207B681B68B5
:1053DC009B68BB60BB6823F07703BB60BB6823F49E
:1053EC007F43BB607B681B68BA689A603B681B682C
:1053FC00B3F5005F3ED0B3F5005F00F28780B3F5E4
:10540C00805F00F08680B3F5805F7FD8702B1AD058
:10541C00702B7BD8602B50D0602B77D8502B3CD086
:10542C00502B73D8402B58D0402B6FD8302B64D0D6
:10543C00302B6BD8202B60D0202B67D8002B5CD066
:10544C00102B5AD062E07B6818683B6899683B68FF
:10545C005A683B68DB6800F004FB7B681B689B6840
:10546C00BB60BB6843F07703BB607B681B68BA68A2
:10547C009A604FE07B6818683B6899683B685A688B
:10548C003B68DB6800F0EDFA7B681B689A687B6808
:10549C001B6842F480429A603CE07B6818683B6869
:1054AC0059683B68DB681A4600F064FA7B681B6835
:1054BC005021184600F0BBFA2CE07B6818683B685A
:1054CC0059683B68DB681A4600F082FA7B681B68F7
:1054DC006021184600F0ABFA1CE07B6818683B684A
:1054EC0059683B68DB681A4600F044FA7B681B6815
:1054FC004021184600F09BFA0CE07B681A683B6868
:10550C001B681946104600F092FA03E00123FB7366
:10551C0000E000BF7B68012283F83D207B680022FD
:10552C0083F83C20FB7B18461037BD4680BD80B409
:10553C0083B000AF786000BF0C37BD4680BC7047AD
:10554C0080B483B000AF786000BF0C37BD4680BC20
:10555C00704780B483B000AF786000BF0C37BD4695
:10556C0080BC704780B483B000AF786000BF0C374C
:10557C00BD4680BC704780B483B000AF786000BF7C
:10558C000C37BD4680BC704780B485B000AF7860E6
:10559C0039607B681B68FB607B682F4A93420BD099
:1055AC007B68B3F1804F07D07B682C4A934203D0C1
:1055BC007B682B4A934208D1FB6823F07003FB6095
:1055CC003B685B68FA681343FB607B68224A934232
:1055DC000BD07B68B3F1804F07D07B681F4A934296
:1055EC0003D07B681E4A934208D1FB6823F44073B6
:1055FC00FB603B68DB68FA681343FB60FB6823F0D5
:10560C0080023B685B691343FB607B68FA681A6035
:10561C003B689A687B68DA623B681A687B689A62B6
:10562C007B680D4A934203D13B681A697B681A6305
:10563C007B6801225A617B681B6903F00103002B14
:10564C0005D07B681B6923F001027B681A6100BFDF
:10565C001437BD4680BC7047002C0140000400404C
:10566C000008004080B487B000AF786039607B6878
:10567C001B6A7B617B681B6A23F001027B681A62E0
:10568C007B685B683B617B689B69FB60FB6823F014
:10569C007003FB60FB6823F00303FB603B681B6833
:1056AC00FA681343FB607B6923F002037B613B6860
:1056BC009B687A6913437B617B681C4A93420CD1CB
:1056CC007B6923F008037B613B68DB687A691343D1
:1056DC007B617B6923F004037B617B68134A9342F3
:1056EC0011D13B6923F480733B613B6923F4007354
:1056FC003B613B685B693A6913433B613B689B695F
:10570C003A6913433B617B683A695A607B68FA6873
:10571C009A613B685A687B685A637B687A691A623B
:10572C0000BF1C37BD4680BC704700BF002C014039
:10573C0080B487B000AF786039607B681B6A7B618E
:10574C007B681B6A23F010027B681A627B685B68BB
:10575C003B617B689B69FB60FB6823F4E043FB6067
:10576C00FB6823F44073FB603B681B681B02FA6800
:10577C001343FB607B6923F020037B613B689B68D0
:10578C001B017A6913437B617B681D4A93420DD1DF
:10579C007B6923F080037B613B68DB681B017A69C2
:1057AC0013437B617B6923F040037B617B68144A64
:1057BC00934213D13B6923F480633B613B6923F42F
:1057CC0000633B613B685B699B003A6913433B6137
:1057DC003B689B699B003A6913433B617B683A6960
:1057EC005A607B68FA689A613B685A687B689A636E
:1057FC007B687A691A6200BF1C37BD4680BC704753
:10580C00002C014080B487B000AF786039607B68B1
:10581C001B6A7B617B681B6A23F480727B681A624B
:10582C007B685B683B617B68DB69FB60FB6823F032
:10583C007003FB60FB6823F00303FB603B681B6891
:10584C00FA681343FB607B6923F400737B613B684C
:10585C009B681B027A6913437B617B681D4A9342E8
:10586C000DD17B6923F400637B613B68DB681B0211
:10587C007A6913437B617B6923F480637B617B686A
:10588C00144A934213D13B6923F480533B613B6927
:10589C0023F400533B613B685B691B013A6913437A
:1058AC003B613B689B691B013A6913433B617B6815
:1058BC003A695A607B68FA68DA613B685A687B68B7
:1058CC00DA637B687A691A6200BF1C37BD4680BCFC
:1058DC00704700BF002C014080B487B000AF7860E7
:1058EC0039607B681B6A3B617B681B6A23F48052BE
:1058FC007B681A627B685B687B617B68DB69FB6039
:10590C00FB6823F4E043FB60FB6823F44073FB600B
:10591C003B681B681B02FA681343FB603B6923F46A
:10592C0000533B613B689B681B033A6913433B6123
:10593C007B680F4A934209D17B6923F480437B61D6
:10594C003B685B699B017A6913437B617B687A696D
:10595C005A607B68FA68DA613B685A687B681A643B
:10596C007B683A691A6200BF1C37BD4680BC704721
:10597C00002C014080B487B000AFF860B9607A6049
:10598C00FB681B6A7B61FB681B6A23F00102FB68E6
:10599C001A62FB689B693B613B6923F0F0033B6136
:1059AC007B681B013A6913433B617B6923F00A0353
:1059BC007B617A69BB6813437B61FB683A699A61C6
:1059CC00FB687A691A6200BF1C37BD4680BC704701
:1059DC0080B487B000AFF860B9607A60FB681B6A6E
:1059EC007B61FB681B6A23F01002FB681A62FB6880
:1059FC009B693B613B6923F470433B617B681B03F0
:105A0C003A6913433B617B6923F0A0037B61BB685C
:105A1C001B017A6913437B61FB683A699A61FB68E5
:105A2C007A691A6200BF1C37BD4680BC704780B4CF
:105A3C0085B000AF786039607B689B68FB60FB6861
:105A4C0023F07003FB603A68FB68134343F00703D1
:105A5C00FB607B68FA689A6000BF1437BD4680BC57
:105A6C00704780B487B000AFF860B9607A603B6073
:105A7C00FB689B687B617B6923F47F437B613B689C
:105A8C001A027B681A43BB6813437A6913437B6120
:105A9C00FB687A699A6000BF1C37BD4680BC7047B2
:105AAC0080B487B000AFF860B9607A60BB6803F06F
:105ABC001F03012202FA03F37B61FB681A6A7B69FC
:105ACC00DB431A40FB681A62FB681A6ABB6803F076
:105ADC001F03796801FA03F31A43FB681A6200BFCB
:105AEC001C37BD4680BC704780B485B000AF786071
:105AFC0039607B6893F83C30012B01D1022346E0DE
:105B0C007B68012283F83C207B68022283F83D20CD
:105B1C007B681B685B68FB607B681B689B68BB6071
:105B2C00FB6823F07003FB603B681B68FA68134347
:105B3C00FB607B681B68FA685A607B681B68164AB6
:105B4C0093420ED07B681B68B3F1804F09D07B6801
:105B5C001B68124A934204D07B681B68104A93421C
:105B6C000CD1BB6823F08003BB603B685B68BA68F0
:105B7C001343BB607B681B68BA689A607B68012220
:105B8C0083F83D207B68002283F83C2000231846D4
:105B9C001437BD4680BC7047002C01400004004007
:105BAC000008004080B485B000AF786039600023F5
:105BBC00FB607B6893F83C30012B01D102233DE064
:105BCC007B68012283F83C20FB6823F0FF023B68D2
:105BDC00DB681343FB60FB6823F440723B689B68F3
:105BEC001343FB60FB6823F480623B685B681343E0
:105BFC00FB60FB6823F400623B681B681343FB608B
:105C0C00FB6823F480523B681B691343FB60FB6801
:105C1C0023F400523B685B691343FB60FB6823F47D
:105C2C0080423B68DB691343FB607B681B68FA6846
:105C3C005A647B68002283F83C20002318461437F2
:105C4C00BD4680BC704780B483B000AF786000BFA5
:105C5C000C37BD4680BC704780B483B000AF786011
:105C6C0000BF0C37BD4680BC7047000080B500AF4C
:105C7C000449054803F002F803461A46034B1A7010
:105C8C0000BF80BD540800202400002050080020D4
:105C9C0080B400AF00231846BD4680BC704700009E
:105CAC0080B500AF002210210248FCF702FC00BFB7
:105CBC0080BD00BF0008014080B500AF012210215B
:105CCC000248FCF7F6FB00BF80BD00BF0008014096
:105CDC0080B586B002AF0346FB7107F10F02F91DC8
:105CEC004FF0FF33009301230348FEF727FDFB7BA6
:105CFC0018461037BD4680BD2801002080B582B003
:105D0C0000AF0346FB7102E0FF20FFF7E1FFFB79D8
:105D1C005A1EFA71002BF7D100BF00BF0837BD46E1
:105D2C0080BD80B584B000AF03463960FB7113466B
:105D3C00BB71FB7943F04003DBB23B723B681B0E3B
:105D4C00DBB27B723B681B0CDBB2BB723B681B0A81
:105D5C00DBB2FB723B68DBB23B73BB797B73FFF747
:105D6C009FFF0023FB730AE0FB7B10333B4413F8CB
:105D7C00083C1846FFF7ACFFFB7B0133FB73FB7B46
:105D8C00052BF1D90A23FB73FF20FFF7A1FF034674
:105D9C00BB7397F90E30002B05DAFB7B013BFB73D1
:105DAC00FB7B002BF0D1BB7B18461037BD4680BD6A
:105DBC0080B584B000AF0346FB7140F6FF73FB81E6
:105DCC001F4B01221A70FFF777FF0A20FFF796FF8F
:105DDC00952200210020FFF7A4FF03467B737B7BF9
:105DEC00012B05D0FFF768FF154B1B78DBB223E0C6
:105DFC00FF2200210120FFF794FF03467B737B7B7E
:105E0C00002B05D0FB89013BFB81FB89002BEFD1DB
:105E1C00FFF752FFFB89002B03D1094B1B78DBB238
:105E2C000AE0074B1B78DBB223F00103DAB2044B18
:105E3C001A70034B1B78DBB218461037BD4680BD79
:105E4C002100002080B483B000AF0346FB71044BEB
:105E5C001B78DBB218460C37BD4680BC704700BFC0
:105E6C002100002090B587B000AFB9607A603B602C
:105E7C000346FB733B68012B01D0042337E07B689E
:105E8C005B02FF2219461120FFF74BFF0346002B44
:105E9C0003D0FFF711FF012329E0FF20FFF718FFC4
:105EAC0003467B757B7DFF2BF7D07B7DFE2B03D0D0
:105EBC00FFF702FF01231AE00023FB820AE0FB8AB2
:105ECC00BA68D418FF20FFF703FF03462370FB8A40
:105EDC000133FB82FB8AB3F5007FF0D3FF20FFF781
:105EEC00F7FEFF20FFF7F4FEFFF7E6FE002318464F
:105EFC001C37BD4690BD80B586B000AFB9607A60E6
:105F0C003B600346FB733B68012B01D004233FE04D
:105F1C007B685B02FF2219461820FFF702FF03463D
:105F2C00002B03D0FFF7C8FE012331E0FE20FFF762
:105F3C00CFFE0023FB8209E0FB8ABA6813441B786E
:105F4C001846FFF7C5FEFB8A0133FB82FB8AB3F5CB
:105F5C00007FF1D3FF20FFF7BBFEFF20FFF7B8FE59
:105F6C00FF20FFF7B5FE03467B757B7D03F01F0317
:105F7C00052B03D0FFF7A0FE012309E000BFFF2093
:105F8C00FFF7A6FE0346002BF9D0FFF795FE002382
:105F9C0018461837BD4680BD80B582B000AF0346A9
:105FAC003A60FB710B46BB71BB79032B21D801A264
:105FBC0052F823F0D15F0008F35F0008DD5F0008A2
:105FCC00E95F0008FFF76CFEFFF776FE002311E097
:105FDC003B684FF400721A8000230BE03B680122EF
:105FEC001A60002306E03B684FF400421A6000235D
:105FFC0000E0042318460837BD4680BD80B584B048
:10600C0000AF0346FB71FB79084A9B0013445B68A5
:10601C005B68FA7905490A44127A10469847034698
:10602C00FB73FB7B18461037BD4680BD78080020FB
:10603C0080B584B000AF0346FB710023FB73FB7982
:10604C000D4AD35C002B11D1FB790B4A0121D154A1
:10605C00FB79094A9B0013445B681B68FA79064973
:10606C000A44127A104698470346FB73FB7B18468A
:10607C001037BD4680BD00BF7808002090B587B0B2
:10608C0000AFB9607A603B600346FB73FB7B0A4A46
:10609C009B0013445B689C68FB7B074A1344187A8B
:1060AC003B687A68B968A0470346FB75FB7D1846C8
:1060BC001C37BD4690BD00BF7808002090B587B056
:1060CC0000AFB9607A603B600346FB73FB7B0A4A06
:1060DC009B0013445B68DC68FB7B074A1344187A0B
:1060EC003B687A68B968A0470346FB75FB7D184688
:1060FC001C37BD4690BD00BF7808002080B584B029
:10610C0000AF03463A60FB710B46BB71FB79094A41
:10611C009B0013445B681B69FA7906490A44107AA0
:10612C00B9793A6898470346FB73FB7B18461037DE
:10613C00BD4680BD7808002080B487B000AFF86001
:10614C00B9607A60FB687B61BB683B6107E03A69C8
:10615C00531C3B617B69591C796112781A707B68FE
:10616C005A1E7A60002BF2D100BF00BF1C37BD460F
:10617C0080BC704780B487B000AFF860B9607A60BB
:10618C00FB687B6105E07B695A1C7A61BA68D2B204
:10619C001A707B685A1E7A60002BF4D100BF00BFC6
:1061AC001C37BD4680BC704780B489B000AFF86026
:1061BC00B9607A60FB68FB61BB68BB6100237B61E3
:1061CC0000BF7B685A1E7A60002B0DD0FB695A1CED
:1061DC00FA611B781946BB695A1CBA611B78CB1A39
:1061EC007B617B69002BECD07B6918462437BD465C
:1061FC0080BC704780B483B000AF7860396002E037
:10620C007B6801337B607B681B78002B05D07B6837
:10621C001B781A463B689342F2D17B681B78184670
:10622C000C37BD4680BC704780B485B000AF786039
:10623C0039600023BB60BB68FB6038E02F49FA680B
:10624C0013465B0013449B000B441B68002B29D0A6
:10625C002A49FA6813465B0013449B000B441A68E6
:10626C007B68D3F800329A421ED12449FA6813464F
:10627C005B0013449B000B4404331A687B68D3F80F
:10628C0008329A4210D11D49FA6813465B00134438
:10629C009B000B4408331A887B68B3F806329A4289
:1062AC0002D107E00123BB60FB680133FB60FB6894
:1062BC00012BC3D9FB68022B09D1BB68002B02D17F
:1062CC003B68022B01D1002313E0122311E03B6841
:1062DC00002B0BD10949FA6813465B0013449B0051
:1062EC000B440A331B88B3F5807F01D1102300E0E7
:1062FC00002318461437BD4680BC70476008002048
:10630C0080B483B000AF00237B6002E07B68013374
:10631C007B607B68012B09D80A497A6813465B00BD
:10632C0013449B000B441B68002BEFD17B68022BA2
:10633C0014BF01230023DBB218460C37BD4680BCCA
:10634C00704700BF6008002080B485B000AF786053
:10635C0039600023FB602BE05549FA6813465B005B
:10636C0013449B000B441A687B68D3F800329A42A2
:10637C001BD14F49FA6813465B0013449B000B4436
:10638C0004331A687B68D3F808329A420DD1484915
:10639C00FA6813465B0013449B000B4408331A88BD
:1063AC007B68B3F806329A4206D0FB680133FB6077
:1063BC00FB68012BD0D900E000BFFB68022B45D154
:1063CC000023FB6002E0FB680133FB60FB68012BE0
:1063DC0009D83749FA6813465B0013449B000B44F9
:1063EC001B68002BEFD1FB68022B01D100235AE074
:1063FC007B68D3F800122E48FA6813465B001344EE
:10640C009B00034419607B68D3F808122848FA688B
:10641C0013465B0013449B000344043319607B68F0
:10642C00B3F806022249FA6813465B0013449B003A
:10643C000B44083302461A801D49FA6813465B0068
:10644C0013449B000B440A3300221A803B68002B38
:10645C000CD01749FA6813465B0013449B000B449D
:10646C000A331B88002B01D000231CE03B68002B57
:10647C000BD10F49FA6813465B0013449B000B4485
:10648C000A331B88013399B201E04FF4807108483C
:10649C00FA6813465B0013449B0003440A330A4614
:1064AC001A80FB68013318461437BD4680BC704710
:1064BC006008002080B485B000AF78607B68013B39
:1064CC007B607B68012B2ED81B497A6813465B00D6
:1064DC0013449B000B440A331B88FB81FB89B3F5E7
:1064EC00807F01D10023FB81FB89002B02D0FB892B
:1064FC00013BFB8110497A6813465B0013449B00F7
:10650C000B440A33FA891A80FB89002B08D10A49FB
:10651C007A6813465B0013449B000B4400221A60FC
:10652C0000237B7301E002237B737B7B18461437BB
:10653C00BD4680BC704700BF6008002080B485B0A9
:10654C0000AF78600023FB6016E01049FA68134630
:10655C005B0013449B000B441B687A689A4208D179
:10656C000A49FA6813465B0013449B000B44002253
:10657C001A60FB680133FB60FB68012BE5D900BF97
:10658C0000BF1437BD4680BC704700BF60080020B8
:10659C0080B586B000AF78600023FB737B6893F8FE
:1065AC000432002B38D07B68D3F82C327B617B68AB
:1065BC0093F80102796801237A69FFF77FFD03469E
:1065CC00002B02D00123FB7326E07B68002283F8AA
:1065DC0004227B68D3F820327A69D21A7B68D3F80C
:1065EC0018329A4218D27B6893F803323B6110E060
:1065FC007B68D3F818327A6913447B617B6893F813
:10660C000102796801237A69FFF758FD3B69013B68
:10661C003B613B69012BEBD8FB7B18461837BD4619
:10662C0080BD80B584B000AF786039600023FB7307
:10663C007B68D3F82C323A689A421BD07868FFF703
:10664C00A7FF0346FB73FB7B002B13D17B6893F8EE
:10665C000102796801233A68FFF710FD0346002B0D
:10666C0004D04FF0FF333B600123FB737B683A6827
:10667C00C3F82C22FB7B18461037BD4680BD80B575
:10668C0084B000AF78607868FFF782FF0346FB7335
:10669C00FB7B002B40F09B807B6893F80032032B34
:1066AC0040F088807B6893F80532012B40F08280A3
:1066BC007B684FF4007200211846FFF75BFD7B6886
:1066CC00552283F8FE217B68AA2283F8FF217B6880
:1066DC0052221A707B6852225A707B6861229A701F
:1066EC007B684122DA707B68722283F8E4217B6834
:1066FC00722283F8E5217B68412283F8E6217B68CE
:10670C00612283F8E7217B68D3F81032DAB27B6818
:10671C0083F8E8217B68D3F810329BB21B0A9BB23A
:10672C00DAB27B6883F8E9217B68D3F810321B0C52
:10673C00DAB27B6883F8EA217B68D3F810321B0E3F
:10674C00DAB27B6883F8EB217B68D3F80C32DAB2CF
:10675C007B6883F8EC217B68D3F80C329BB21B0A64
:10676C009BB2DAB27B6883F8ED217B68D3F80C32EC
:10677C001B0CDAB27B6883F8EE217B68D3F80C3201
:10678C001B0EDAB27B6883F8EF217B68D3F81C32DE
:10679C005A1C7B68C3F82C227B6893F80102796839
:1067AC007B68D3F82C220123FFF788FC7B6800223E
:1067BC0083F805227B6893F80132002200211846E9
:1067CC00FFF79CFC0346002B01D00123FB73FB7BE2
:1067DC0018461037BD4680BD80B483B000AF7860DA
:1067EC0039603B68023B3B607B68D3F81432023B58
:1067FC003A689A4201D300230AE07B6893F802328C
:10680C001A463B6803FB02F27B68D3F82832134428
:10681C0018460C37BD4680BC704780B586B000AFBB
:10682C00786039603B68012B05D97B68D3F814324A
:10683C003A689A4202D301237B61A3E04FF0FF3305
:10684C007B617B6893F80032032B68D0032B00F339
:10685C008F80012B02D0022B3FD089E03B68FB607C
:10686C00FB685B08FA681344FB607B68D3F8202252
:10687C00FB685B0A134419467868FFF7D2FE03469F
:10688C00002B78D1FB685A1CFA60C3F308037A68B2
:10689C00D35CBB607B68D3F82022FB685B0A134493
:1068AC0019467868FFF7BDFE0346002B65D1FB68DF
:1068BC00C3F308037A68D35C1B02BA681343BB604A
:1068CC003B6803F00103002B02D0BB681B0902E0FC
:1068DC00BB68C3F30B037B6154E07B68D3F82022C5
:1068EC003B681B0A134419467868FFF79AFE034667
:1068FC00002B44D13B685B0003F4FF737A681344AC
:10690C003B613B6901331B781BB21B021AB23B691A
:10691C001B781BB213431BB29BB27B6132E07B68CA
:10692C00D3F820223B68DB09134419467868FFF73B
:10693C0078FE0346002B24D13B689B0003F4FE73C6
:10694C007A6813443B613B6903331B781A063B6935
:10695C0002331B781B041A433B6901331B781B025F
:10696C0013433A691278134323F070437B6109E0B7
:10697C0001237B6106E000BF04E000BF02E000BF22
:10698C0000E000BF7B6918461837BD4680BD80B556
:10699C0088B000AFF860B9607A60BB68012B05D98C
:1069AC00FB68D3F81432BA689A4202D30223FB77FD
:1069BC00F6E0FB6893F80032032B00F09E80032B6B
:1069CC0000F3E480012B02D0022B6FD0DEE0BB6819
:1069DC007B617B695B087A6913447B61FB68D3F844
:1069EC0020227B695B0A13441946F868FFF719FEED
:1069FC000346FB77FB7F002B40F0CB807B695A1C56
:106A0C007A61C3F30803FA681344BB61BB6803F0F3
:106A1C000103002B0DD0BB691B785BB203F00F0395
:106A2C005AB27B685BB21B015BB213435BB2DBB245
:106A3C0001E07B68DBB2BA691370FB68012283F852
:106A4C000422FB68D3F820227B695B0A13441946A5
:106A5C00F868FFF7E6FD0346FB77FB7F002B40F061
:106A6C009A807B69C3F30803FA681344BB61BB6863
:106A7C0003F00103002B03D07B681B09DBB20EE093
:106A8C00BB691B785BB223F00F035AB27B681B0AFD
:106A9C005BB203F00F035BB213435BB2DBB2BA69B8
:106AAC001370FB68012283F8042279E0FB68D3F8A9
:106ABC002022BB681B0A13441946F868FFF7B1FD86
:106ACC000346FB77FB7F002B67D1BB685B0003F4AD
:106ADC00FF73FA681344BB617B68DAB2BB691A7046
:106AEC007B689BB21B0A9AB2BB690133D2B21A7093
:106AFC00FB68012283F8042252E0FB68D3F82022C1
:106B0C00BB68DB0913441946F868FFF78AFD034696
:106B1C00FB77FB7F002B42D1BB689B0003F4FE7319
:106B2C00FA681344BB61BB6903331B781A06BB6953
:106B3C0002331B781B041A43BB6901331B781B02FD
:106B4C001343BA691278134303F070437A68134302
:106B5C007B607B68DAB2BB691A707B689BB21B0ADC
:106B6C009AB2BB690133D2B21A707B681A0CBB693A
:106B7C000233D2B21A707B681A0EBB690333D2B2DD
:106B8C001A70FB68012283F8042209E00223FB77C8
:106B9C0006E000BF04E000BF02E000BF00E000BF61
:106BAC00FB7F18462037BD4680BD80B584B000AF52
:106BBC00786039603B68012B05D97B68D3F81432B7
:106BCC003A689A4202D30223FB7343E00023FB731F
:106BDC0036E039687868FFF720FEB860BB68002B98
:106BEC0035D0BB68012B02D10223FB7332E0BB68AA
:106BFC00B3F1FF3F02D10123FB732BE00022396874
:106C0C007868FFF7C4FE0346FB73FB7B002B20D197
:106C1C007B68D3F81032B3F1FF3F0FD07B68D3F809
:106C2C0010325A1C7B68C3F810227B6893F805322B
:106C3C0043F00103DAB27B6883F80522BB683B6042
:106C4C007B68D3F814323A689A42C2D302E000BF90
:106C5C0000E000BFFB7B18461037BD4680BD80B5F9
:106C6C0086B000AF786039603B68002B0FD17B6831
:106C7C00D3F80C323B613B69002B05D07B68D3F811
:106C8C0014323A699A421CD301233B6119E03968EA
:106C9C007868FFF7C2FDB860BB68012B01D80123EF
:106CAC0076E0BB68B3F1FF3F01D1BB6870E07B6855
:106CBC00D3F81432BA689A4201D2BB6868E03B68D8
:106CCC003B613B697B617B6901337B617B68D3F8FA
:106CDC0014327A699A4207D302237B617A693B6941
:106CEC009A4201D9002353E079697868FFF795FD42
:106CFC00B860BB68002B0ED0BB68B3F1FF3F02D06D
:106D0C00BB68012B01D1BB6842E07A693B699A42AE
:106D1C00D9D100233CE000BF6FF0704279697868EC
:106D2C00FFF735FE0346FB73FB7B002B09D13B6859
:106D3C00002B06D07A6939687868FFF728FE03467D
:106D4C00FB73FB7B002B1AD17B687A69C3F80C228E
:106D5C007B68D3F81032B3F1FF3F18D07B68D3F8BF
:106D6C0010325A1E7B68C3F810227B6893F80532E8
:106D7C0043F00103DAB27B6883F8052207E0FB7B62
:106D8C00012B02D14FF0FF3300E001237B617B69C3
:106D9C0018461837BD4680BD80B487B000AF786008
:106DAC0039607B68D3F8243204333B613B685B0A5F
:106DBC007A68D2F8002292F80222B3FBF2F37B61DC
:106DCC003B691A1D3A611B68FB60FB68002B01D103
:106DDC00002310E07A69FB689A4207D37A69FB6852
:106DEC00D31A7B613B6904333B61E9E700BF3B6924
:106DFC001A687B69134418461C37BD4680BC704723
:106E0C0080B586B000AF786039603B689AB27B6819
:106E1C00A3F806227B68D3F808327B617B69012BCF
:106E2C0007D07B68D3F80032D3F814327A699A42CF
:106E3C0001D3022374E07B69002B0CD17B68D3F85F
:106E4C00003293F80032032B05D17B68D3F8003263
:106E5C00D3F824327B617B69002B11D17B68D3F88A
:106E6C000032B3F808321A463B68934201D302232E
:106E7C0056E07B68D3F80032D3F824323B6132E021
:106E8C007B68D3F8003293F802321B01FB601EE0E2
:106E9C007B68D3F8003279691846FFF7BEFC78613D
:106EAC007B69B3F1FF3F01D1012339E07B69012BF1
:106EBC0007D97B68D3F80032D3F814327A699A4236
:106ECC0001D302232CE03A68FB68D31A3B603A6882
:106EDC00FB689A42DCD27B68D3F800327969184699
:106EEC00FFF77AFC38617B687A69C3F80C223B693E
:106EFC00002B01D1022313E03B681A093B691A44A9
:106F0C007B68C3F810227B68D3F800321A463B68C2
:106F1C0003F00F035B011A447B68C3F814220023AF
:106F2C0018461837BD4680BD90B587B000AF786065
:106F3C0039607B68B3F806320133FB60FB689BB2A7
:106F4C00002B04D07B68D3F81032002B01D1042322
:106F5C00DDE0FB6803F00F03002B40F0C6807B687C
:106F6C00D3F810325A1C7B68C3F810227B68D3F814
:106F7C000C32002B0BD17B68D3F80032B3F80832FB
:106F8C001A46FB689342C0F0B0800423BFE0FB6854
:106F9C001B097A68D2F8002292F80222013A1340B7
:106FAC00002B40F0A2807B68D3F800227B68D3F8DA
:106FBC000C3219461046FFF730FC78617B69012BC7
:106FCC0001D80223A3E07B69B3F1FF3F01D1012378
:106FDC009DE07B68D3F80032D3F814327A699A4278
:106FEC0074D33B68002B01D1042390E07B68D3F869
:106FFC0000227B68D3F80C3219461046FFF72FFE9F
:10700C0078617B69002B01D1072380E07B69012B20
:10701C0001D102237BE07B69B3F1FF3F01D1012356
:10702C0075E07B68D3F800321846FFF7B1FA0346D7
:10703C00002B01D001236AE07B68D3F800324FF4B7
:10704C00007200211846FFF795F87B68D3F80022F0
:10705C007B68D3F8004279691046FFF7BDFB034605
:10706C00C4F82C3200233B611BE07B68D3F8003260
:10707C00012283F804227B68D3F800321846FFF70C
:10708C0087FA0346002B01D0012340E07B68D3F83C
:10709C000032D3F82C220132C3F82C223B69013385
:1070AC003B617B68D3F8003293F802321A463B6995
:1070BC009342DAD37B68D3F80032D3F82C127B6876
:1070CC00D3F800323A698A1AC3F82C227B687A69A1
:1070DC00C3F80C227B68D3F8003279691846FFF7A5
:1070EC007BFB02467B68C3F81022FB689AB27B6874
:1070FC00A3F806227B68D3F800321A46FB6803F02B
:10710C000F035B011A447B68C3F814220023184652
:10711C001C37BD4690BD80B584B000AF7860396037
:10712C0000217868FFF76CFE0346FB73FB7B002B9A
:10713C0031D10023BB607B68D3F800227B68D3F885
:10714C00103219461046FFF76CFA0346FB73FB7BB3
:10715C00002B1FD17B68D3F814321B78E52B05D09C
:10716C007B68D3F814321B78002B07D1BB68013332
:10717C00BB60BA683B689A4202D10CE00023BB604A
:10718C0001217868FFF7D0FE0346FB73FB7B002BD5
:10719C00D1D000E000BFFB7B042B01D10723FB7394
:1071AC00FB7B18461037BD4680BD80B485B000AF60
:1071BC00786039603B681B331B781BB21B021AB218
:1071CC003B681A331B781BB213431BB29BB2FB6098
:1071DC007B6893F80032032B10D13B6815331B7876
:1071EC001BB21B021AB23B6814331B781BB213433D
:1071FC001BB29BB21B04FA681343FB60FB68184676
:10720C001437BD4680BC704780B483B000AF786043
:10721C0039607B681A333A68D2B21A703B689BB2F9
:10722C001B0A9AB27B681B33D2B21A703B681A0CD9
:10723C007B681433D2B21A703B681B0C9BB21B0ACE
:10724C009AB27B681533D2B21A7000BF0C37BD46A8
:10725C0080BC704780B586B000AF7860002178683C
:10726C00FFF7CEFD0346FB75FB7D002B01D0FB7DAC
:10727C003BE07B68D3F800227B68D3F810321946C8
:10728C001046FFF7CEF90346FB75FB7D002B28D18A
:10729C007B68D3F814323B613B691B78FB73FB7B37
:1072AC00002B02D10423FB751EE03B690B331B78CA
:1072BC0003F00803002B0AD17B68D3F818320B2299
:1072CC0019463869FEF770FF0346002B0BD00021DE
:1072DC007868FFF729FE0346FB75FB7D002BC8D0B1
:1072EC0002E000BF00E000BFFB7D18461837BD462A
:1072FC0080BD80B584B000AF786001217868FFF75D
:10730C000AFF0346FB73FB7B002B26D17B68D3F86B
:10731C0000227B68D3F8103219461046FFF781F92A
:10732C000346FB73FB7B002B17D17B68D3F814321D
:10733C00202200211846FEF71DFF7B68D3F81402AB
:10734C007B68D3F818320B221946FEF7F5FE7B68E2
:10735C00D3F80032012283F80422FB7B1846103745
:10736C00BD4680BD80B588B000AF786039603B68A1
:10737C001B68FB6002E0FB680133FB60FB681B7859
:10738C002F2BF8D0FB681B785C2BF4D07B68D3F8E0
:10739C001832BB600B222021B868FEF7EBFE0023ED
:1073AC00FB7700233B613B697B610823BB617B69F5
:1073BC005A1C7A61FA6813441B78BB77BB7F202B6D
:1073CC0053D9BB7F2F2B50D0BB7F5C2B4DD0BB7FB9
:1073DC002E2B03D03A69BB699A420FD3BB69082B99
:1073EC0002D1BB7F2E2B01D0062373E008233B6117
:1073FC000B23BB61FB7F9B00FB7735E097F91E30BD
:10740C00002B08DAFB7F43F00303FB77BB7F803B49
:10741C00324AD35CBB77BB7F19463148FEF7EAFE94
:10742C000346002B01D0062354E0BB7F402B07D929
:10743C00BB7F5A2B04D8FB7F43F00203FB770CE095
:10744C00BB7F602B09D9BB7F7A2B06D8FB7F43F01F
:10745C000103FB77BB7F203BBB773B695A1C3A612E
:10746C00BA681344BA7F1A70A1E7FA687B691A44A8
:10747C003B681A60BB7F202B01D8042300E000235B
:10748C00BB773B69002B01D1062323E0BB681B783B
:10749C00E52B02D1BB6805221A70BB69082B02D1FF
:1074AC00FB7F9B00FB77FB7F03F00303012B03D1D6
:1074BC00BB7F43F01003BB77FB7F03F00C03042B63
:1074CC0003D1BB7F43F00803BB77BB680B33BA7F98
:1074DC001A70002318462037BD4680BDC0A4000892
:1074EC00E096000880B584B000AF786039603B68E6
:1074FC001B782F2B03D03B681B785C2B02D13B688D
:10750C0001333B607B680022C3F808223B681B7880
:10751C001F2B0AD800217868FFF772FC0346FB7317
:10752C007B680022C3F8142245E03B461946786874
:10753C00FFF718FF0346FB73FB7B002B36D17868F3
:10754C00FFF788FE0346FB737B68D3F81832DB7AAF
:10755C00BB73FB7B002B0AD0FB7B042B28D1BB7BA2
:10756C0003F00403002B23D10523FB7320E0BB7B2A
:10757C0003F00403002B1DD17B68D3F81432BB60DD
:10758C00BB680B331B7803F01003002B02D10523CF
:10759C00FB7310E07B68D3F80032B9681846FFF72C
:1075AC0004FE02467B68C3F80822BEE700BF02E077
:1075BC0000BF00E000BFFB7B18461037BD4680BD06
:1075CC0080B487B000AF78604FF0FF333B617B68CD
:1075DC001B68002B31D07B681B687B6102E07B69E8
:1075EC0001337B617B691B78202B03D97B691B786A
:1075FC003A2BF4D17B691B783A2B1CD17B681B6826
:10760C00FB60FB685A1CFA601B78303BBB60BB68A4
:10761C00092B0ED8FA687B699A420AD1BB68002BF9
:10762C0007D1BB683B617B6901337B617B687A69FD
:10763C001A603B6902E000233B613B6918461C372A
:10764C00BD4680BC7047000080B582B000AF78604A
:10765C0039607B68002283F804227B684FF0FF328C
:10766C00C3F82C2239687868FEF7DBFF0346002B41
:10767C0001D003234BE07B6803F5FF7301331B78C8
:10768C001BB21B021AB27B6893F8FE311BB2134378
:10769C001BB2214A934201D0022338E07B68363377
:1076AC0003331B781A067B68363302331B781B04B2
:1076BC001A437B68363301331B781B0213437A68F9
:1076CC0092F83620134323F07F43144A934201D19E
:1076DC0000231CE07B68523303331B781A067B684B
:1076EC00523302331B781B041A437B685233013329
:1076FC001B781B0213437A6892F85220134323F031
:10770C007F43064A934201D1002300E0012318462F
:10771C000837BD4680BD00BF55AAFFFF4641540047
:10772C0080B596B000AFF860B9601346FB71FB688A
:10773C0000221A60B868FFF743FFF863FB6B002B5D
:10774C0001DA0B23AEE29E4AFB6B52F82330BB638B
:10775C00BB6B002B01D10C23A4E2FB68BA6B1A6043
:10776C00BB6B93F80032002B1BD0BB6B93F8013230
:10777C001846FEF743FC034687F8373097F8373046
:10778C0003F00103002B0CD1FB79002B07D097F8E9
:10779C00373003F00403002B01D00A2382E20023CC
:1077AC0080E2BB6B002283F80022FB6BDAB2BB6B6E
:1077BC0083F80122BB6B93F801321846FEF738FCB4
:1077CC00034687F8373097F8373003F00103002B66
:1077DC0001D0032366E2FB79002B07D097F83730F2
:1077EC0003F00403002B01D00A235BE200233B656A
:1077FC00396DB86BFFF728FF034687F8573097F8B9
:10780C005730012B53D100233B6428E0BA6B3B6CFF
:10781C001B0103F5DF7313443B633B6B04331B7891
:10782C00002B12D03B6B0B331B781A063B6B0A33C5
:10783C001B781B041A433B6B09331B781B02134345
:10784C003A6B083212781A4300E000223B6C9B0022
:10785C0058333B4443F8442C3B6C01333B643B6C46
:10786C00032BD3D900233B643B6C002B02D03B6C25
:10787C00013B3B643B6C9B0058333B4453F8443C0A
:10788C003B653B6D002B05D0396DB86BFFF7DCFE0B
:10789C00034600E0022387F8573097F85730002B47
:1078AC0005D03B6C01333B643B6C032BE2D997F85E
:1078BC005730032B01D10123F4E197F85730002BFB
:1078CC0001D00D23EEE1BB6B1B7B1BB21B021AB26A
:1078DC00BB6BDB7A1BB213431BB2B3F5007F01D039
:1078EC000D23DFE1BB6BDB7D1BB21B021AB2BB6B42
:1078FC009B7D1BB213431BB29BB2FB64FB6C002B36
:10790C0012D1BB6B93F827301A06BB6B93F8263059
:10791C001B041A43BB6B93F825301B021343BA6B41
:10792C0092F824201343FB64BB6BFA6CC3F8182247
:10793C00BB6B1A7CBB6B83F80322BB6B93F80332D3
:10794C00012B06D0BB6B93F80332022B01D00D2315
:10795C00A8E1BB6B93F803321A46FB6C02FB03F3F2
:10796C00FB64BB6B5A7BBB6B83F80222BB6B93F83B
:10797C000232002B0AD0BB6B93F802321A46BB6B57
:10798C0093F80232013B1340002B01D00D2389E107
:10799C00BB6B9B7C1BB21B021AB2BB6B5B7C1BB21E
:1079AC0013431BB29AB2BB6BA3F80822BB6BB3F8A0
:1079BC00083203F00F039BB2002B03D00D2371E1AF
:1079CC0058080020BB6B1B7D1BB21B021AB2BB6B91
:1079DC00DB7C1BB213431BB29BB2BB64BB6C002B96
:1079EC0012D1BB6B93F823301A06BB6B93F8223081
:1079FC001B041A43BB6B93F821301B021343BA6B65
:107A0C0092F820201343BB64BB6BDB7B1BB21B02C5
:107A1C001AB2BB6B9B7B1BB213431BB2FB85FB8D5A
:107A2C00002B01D10D233DE1FA8DFB6C1344BA6B95
:107A3C00B2F80822120992B21344BB62BA6CBB6A48
:107A4C009A4201D20D232DE1BA6CBB6AD31ABA6BE0
:107A5C0092F80222B3FBF2F37B627B6A002B01D11A
:107A6C000D231FE1012387F857307B6A40F6F5722E
:107A7C00934202D9022387F857307B6A4FF6F5728E
:107A8C00934202D9032387F857307B6A9A1CBB6B4D
:107A9C00C3F81422BB6B3A6DC3F81C22FA8D3B6DF4
:107AAC001A44BB6BC3F820223A6DBB6A1A44BB6BF9
:107ABC00C3F8282297F85730032B21D1BB6BB3F8AE
:107ACC000832002B01D00D23ECE0BB6B93F82F3068
:107ADC001A06BB6B93F82E301B041A43BB6B93F83E
:107AEC002D301B021343BA6B92F82C201A43BB6B3C
:107AFC00C3F82422BB6BD3F814329B007B6425E0C3
:107B0C00BB6BB3F80832002B01D10D23CAE0BB6B61
:107B1C00D3F82022FB6C1A44BB6BC3F8242297F8D1
:107B2C005730022B04D1BB6BD3F814325B000CE042
:107B3C00BB6BD3F8142213465B0013445A08BB6B7F
:107B4C00D3F8143203F0010313447B64BB6BD3F8FA
:107B5C0018227B6C03F2FF135B0A9A4201D20D23AD
:107B6C00A0E0BB6B4FF0FF32C3F81022BB6BD3F815
:107B7C001022BB6BC3F80C22BB6B802283F805224E
:107B8C0097F85730032B79D1BB6B93F831301BB27C
:107B9C001B021AB2BB6B93F830301BB213431BB2EF
:107BAC00012B6BD13B6D01331946B86BFEF739FDD8
:107BBC000346002B62D1BB6B002283F80522BB6B02
:107BCC0093F8FF311BB21B021AB2BB6B93F8FE3158
:107BDC001BB213431BB2354A93424FD1BB6BDB78BC
:107BEC001A06BB6B9B781B041A43BB6B5B781B029E
:107BFC001343BA6B127813432D4A93423ED1BB6B9D
:107C0C0093F8E7311A06BB6B93F8E6311B041A4361
:107C1C00BB6B93F8E5311B021343BA6B92F8E4216A
:107C2C001343244A934229D1BB6B93F8EB311A06C8
:107C3C00BB6B93F8EA311B041A43BB6B93F8E93125
:107C4C001B021343BA6B92F8E8211A43BB6BC3F8BF
:107C5C001022BB6B93F8EF311A06BB6B93F8EE3125
:107C6C001B041A43BB6B93F8ED311B021343BA6B25
:107C7C0092F8EC211A43BB6BC3F80C22BB6B97F840
:107C8C00572083F800220C4B1B8801339AB20A4B05
:107C9C001A80094B1A88BB6BA3F80622B86BFEF747
:107CAC004DFC002318465837BD4680BD55AAFFFF32
:107CBC0052526141727241615C08002080B584B0FF
:107CCC0000AF78607B68FB60FB68002B22D0FB6800
:107CDC00D3F80032002B1DD0FB68D3F8003293F898
:107CEC000032002B16D0FB68D3F80032B3F8062212
:107CFC00FB68B3F804329A420CD1FB68D3F800321B
:107D0C0093F801321846FEF779F9034603F00103A4
:107D1C00002B01D0092300E0002318461037BD4684
:107D2C0080BD80B5ADF5147D00AF07F51473A3F5D8
:107D3C001173186007F51473A3F51273196007F526
:107D4C001473A3F249231A7007F51473A3F5117376
:107D5C001B68002B01D1092353E207F51473A3F51B
:107D6C0011731B680022C3F8002207F51473A3F2E9
:107D7C00492307F51472A2F24922127802F01F026D
:107D8C001A7007F51473A3F249231B7823F001032F
:107D9C00DAB207F1080107F1200303F50073184666
:107DAC00FFF7BEFC034687F84F3297F84F32002B93
:107DBC0040F0258207F51473A3F50C7307F1140238
:107DCC00C3F8182207F51473A3F512731A6807F198
:107DDC00200311461846FFF785FB034687F84F3200
:107DEC0007F51473A3F50C73D3F81432C7F84832A3
:107DFC0097F84F32002B1BD1D7F84832002B03D108
:107E0C00062387F84F3213E007F51473A3F24923C6
:107E1C001B78012B8CBF01230023DBB21A4607F120
:107E2C00200311461846FEF7FFF9034687F84F3238
:107E3C0007F51473A3F249231B7803F01C03002BE2
:107E4C0000F0E68097F84F32002B27D097F84F328E
:107E5C00042B0ED1FEF754FA0346002B06D007F183
:107E6C0020031846FFF745FA034600E0122387F873
:107E7C004F3207F51473A3F2492307F51472A2F2DB
:107E8C004922127842F008021A7007F51473A3F510
:107E9C000C73D3F81432C7F8483217E0D7F84832CD
:107EAC000B331B7803F01103002B03D0072387F847
:107EBC004F320BE007F51473A3F249231B7803F040
:107ECC000403002B02D0082387F84F3297F84F3267
:107EDC00002B40F0C18007F51473A3F249231B78E3
:107EEC0003F00803002B00F0B780FDF7D1FEC7F8B4
:107EFC004402D7F848320E33D7F84422D2B21A7063
:107F0C00D7F844329BB21B0A9AB2D7F848320F33D7
:107F1C00D2B21A70D7F844321A0CD7F84832103350
:107F2C00D2B21A70D7F844321A0ED7F8483211333D
:107F3C00D2B21A70D7F848320B3300221A70D7F825
:107F4C0048321C3300221A70D7F848321D330022F5
:107F5C001A70D7F848321E3300221A70D7F84832FC
:107F6C001F3300221A7007F51473A3F50C73D3F8A2
:107F7C000032D7F848121846FFF717F9C7F8400235
:107F8C000021D7F84802FFF73FF907F51473A3F562
:107F9C000C73D3F80032012283F80422D7F8403254
:107FAC00002B59D007F51473A3F50C73D3F80032DA
:107FBC00D3F82C32C7F8443207F51473A3F50C73BD
:107FCC00D3F80032D7F840121846FEF7EEFD034600
:107FDC0087F84F3297F84F32002B3DD107F51473C9
:107FEC00A3F50C73D3F80032D7F84022013AC3F84A
:107FFC000C2207F51473A3F50C73D3F80032D7F8E1
:10800C0044121846FEF70DFB034687F84F3223E067
:10801C0097F84F32002B1FD1D7F848320B331B780F
:10802C0003F01003002B03D0042387F84F3213E026
:10803C0007F51473A3F249231B7803F00203002BFA
:10804C000AD0D7F848320B331B7803F00103002B0E
:10805C0002D0072387F84F3297F84F32002B51D1BB
:10806C0007F51473A3F249231B7803F00803002BC4
:10807C000BD007F51473A3F2492307F51472A2F27F
:10808C004922127842F020021A7007F51473A3F5F6
:10809C000C73D3F80032D3F82C2207F51473A3F524
:1080AC0011731B68C3F81C2207F51473A3F5117325
:1080BC001B68D7F84822C3F8202207F51473A3F2E3
:1080CC0049231B78012B8CBF01230023DBB21A46FA
:1080DC0007F1200311461846FEF736F9024607F55C
:1080EC001473A3F511731B68C3F8282207F51473D6
:1080FC00A3F511731B68D3F82832002B02D102238D
:10810C0087F84F3297F84F32002B78D107F514735C
:10811C00A3F511731B6807F51472A2F249221278A9
:10812C0083F8062207F51473A3F511731B6800225C
:10813C0083F8072207F51473A3F50C73D3F80032F8
:10814C00D7F848121846FFF730F8024607F51473B3
:10815C00A3F511731B68C3F81022D7F848321F33EC
:10816C001B781A06D7F848321E331B781B041A43A7
:10817C00D7F848321D331B781B021343D7F848221B
:10818C001C3212781A4307F51473A3F511731B688C
:10819C00C3F80C2207F51473A3F511731B680022A6
:1081AC00C3F8082207F51473A3F511731B6800229A
:1081BC00C3F8182207F51473A3F511731B6800227A
:1081CC00C3F8242207F51473A3F50C73D3F800221B
:1081DC0007F51473A3F511731B68C3F8002207F598
:1081EC001473A3F511731B68D3F80032B3F806228D
:1081FC0007F51473A3F511731B68A3F8042297F801
:10820C004F32184607F51477BD4680BD80B58AB04D
:10821C0000AFF860B9607A603B60BB68BB613B68DB
:10822C0000221A60F868FFF749FD0346FB75FB7DD9
:10823C00002B01D0FB7D92E1FB6893F80732002BF9
:10824C0003D0FB6893F8073289E1FB6893F8063298
:10825C0003F00203002B01D1072380E1FB68D3F864
:10826C0008227B681A44FB68D3F808329A4280F0E3
:10827C00588100237B6054E1FB68D3F80832C3F3C8
:10828C000803002B40F01481FB68D3F808325B0A1A
:10829C00DAB2FB68D3F8003293F80232013BDBB25E
:1082AC001340BB75BB7D002B51D1FB68D3F8083252
:1082BC00002B0FD1FB68D3F810327B627B6A002B4A
:1082CC0021D1FB68D3F8003200211846FEF7C7FC19
:1082DC00786218E0FB68D3F82432002B08D0FB68D6
:1082EC00D3F808321946F868FEF756FD78620AE0B2
:1082FC00FB68D3F80022FB68D3F8143219461046F9
:10830C00FEF7ADFC78627B6A002B00F00F817B6A74
:10831C00012B05D1FB68022283F8072202231EE100
:10832C007B6AB3F1FF3F05D1FB68012283F807227A
:10833C00012314E1FB687A6AC3F81422FB68D3F8B2
:10834C001032002B03D1FB687A6AC3F81022FB6849
:10835C0093F8063203F04003002B1DD0FB68D3F8D2
:10836C00003293F80102F968FB68D3F81822012354
:10837C00FDF7A4FE0346002B05D0FB68012283F811
:10838C0007220123EBE0FB6893F8063223F040034D
:10839C00DAB2FB6883F80622FB68D3F80022FB688C
:1083AC00D3F8143219461046FEF716FA38613B69B9
:1083BC00002B05D1FB68022283F807220223CEE0B2
:1083CC00BB7D3A6913443B617B685B0AFB61FB69CB
:1083DC00002B48D0BA7DFB691344FA68D2F800220E
:1083EC0092F80222934208D9FB68D3F8003293F832
:1083FC0002321A46BB7DD31AFB61FB68D3F80032FC
:10840C0093F80102FB693A69B969FDF757FE034617
:10841C00002B05D0FB68012283F8072201239EE084
:10842C00FB68D3F818223B69D31AFA699A4216D919
:10843C00F868FB68D3F818223B69D31A5B02BA6957
:10844C0013444FF400721946FDF776FEFB6893F85F
:10845C00063223F04003DAB2FB6883F80622FB698C
:10846C005B023B6247E0FB68D3F818323A699A42E8
:10847C001AD0FB68D3F80822FB68D3F80C329A4266
:10848C0012D2FB68D3F8003293F80102F968012389
:10849C003A69FDF7F3FD0346002B05D0FB6801227A
:1084AC0083F8072201235AE0FB683A69C3F81822C3
:1084BC00FB68D3F80832C3F30803C3F500733B62BF
:1084CC003A6A7B689A4201D97B683B62FB68D3F8B5
:1084DC000832C3F30803FA6813443A6AB9691846B8
:1084EC00FDF72AFEFB6893F8063243F04003DAB23C
:1084FC00FB6883F80622BA693B6A1344BB61FB68CC
:10850C00D3F808223B6A1A44FB68C3F808223B687C
:10851C001A683B6A1A443B681A607A683B6AD31A39
:10852C007B607B68002B7FF4A7AE00E000BFFB688C
:10853C00D3F80822FB68D3F80C329A4205D9FB68B1
:10854C00D3F80822FB68C3F80C22FB6893F80632B8
:10855C0043F02003DAB2FB6883F8062200231846A6
:10856C002837BD4680BD80B586B000AF786078688E
:10857C00FFF7A4FB0346FB75FB7D002B40F0A880A6
:10858C007B6893F8063203F02003002B00F0A080E8
:10859C007B6893F8063203F04003002B19D07B68FC
:1085AC00D3F8003293F8010279687B68D3F818226B
:1085BC000123FDF783FD0346002B01D0012388E046
:1085CC007B6893F8063223F04003DAB27B6883F8B9
:1085DC0006227B68D3F800227B68D3F81C3219463C
:1085EC001046FEF71EF80346FB75FB7D002B6FD182
:1085FC007B68D3F820323B613B690B331A783B69BB
:10860C000B3342F02002D2B21A707B68D3F80C22E2
:10861C003B691C33D2B21A707B68D3F80C329BB214
:10862C001B0A9AB23B691D33D2B21A707B68D3F81D
:10863C000C321A0C3B691E33D2B21A707B68D3F819
:10864C000C321A0E3B691F33D2B21A707B68D3F806
:10865C00103219463869FEF7D7FDFDF719FBF860A3
:10866C003B691633FA68D2B21A70FB689BB21B0ACC
:10867C009AB23B691733D2B21A70FB681A0C3B6979
:10868C001833D2B21A70FB681A0E3B691933D2B286
:10869C001A703B69123300221A703B6913330022A3
:1086AC001A707B6893F8063223F02003DAB27B68E9
:1086BC0083F806227B68D3F80032012283F8042267
:1086CC007B68D3F800321846FDF7D9FF0346FB75DB
:1086DC00FB7D18461837BD4680BD80B584B000AF11
:1086EC0078607868FFF73FFF0346FB73FB7B002B3A
:1086FC0016D17868FFF7E2FA0346FB73FB7B002B7D
:10870C000ED17B68D3F828321846FDF7D3FE03460A
:10871C00FB73FB7B002B03D17B680022C3F8002288
:10872C00FB7B18461037BD4680BD80B590B000AFBE
:10873C00786039607868FFF7C1FA034687F83F30F4
:10874C0097F83F30002B02D097F83F3047E27B6818
:10875C0093F80732002B03D07B6893F807323EE284
:10876C007B68D3F82432002B00F0F2803B68B3F125
:10877C00FF3F64D17B68D3F824327B627B6A1A1D7D
:10878C007A621B687B610223BB627B68D3F8103270
:10879C003B633B6B002B41D03B6B3B610023FB628B
:1087AC00BB6A0233BB623B6BFB60FB6A0133FB624F
:1087BC007B68D3F80032396B1846FEF72EF8386315
:1087CC003B6B012B05D87B68022283F8072202231E
:1087DC0005E23B6BB3F1FF3F05D17B68012283F8C7
:1087EC0007220123FBE1FB6801333A6B9A42DAD092
:1087FC00BA6A7B699A4209D87B6A1A1D7A62FA6A4C
:10880C001A607B6A1A1D7A623A691A607B68D3F81F
:10881C000032D3F814323A6B9A42BDD37B68D3F84A
:10882C002432BA6A1A60BA6A7B699A4203D87B6AA4
:10883C0000221A60D1E1112387F83F30CDE17B682B
:10884C00D3F80C323A689A4203D97B68D3F80C32CD
:10885C003B607B683A68C3F808223B68002B00F049
:10886C00BC813B68013B19467868FEF795FA0246D5
:10887C007B68C3F814227B68D3F800227B68D3F89A
:10888C00143219461046FDF7A7FFB861BB69002BDF
:10889C0005D17B68022283F8072202239FE13B6803
:1088AC00013B5B0A7A68D2F8002292F80222013A64
:1088BC001340BA691344BB617B68D3F80832C3F325
:1088CC000803002B00F089817B68D3F81832BA6951
:1088DC009A4200F082817B6893F8063203F04003E1
:1088EC00002B1DD07B68D3F8003293F80102796815
:1088FC007B68D3F818220123FDF7E0FB0346002B1D
:10890C0005D07B68012283F80722012367E17B688D
:10891C0093F8063223F04003DAB27B6883F8062220
:10892C007B68D3F8003293F8010279680123BA69A5
:10893C00FDF7A4FB0346002B05D07B68012283F8CE
:10894C00072201234BE17B68BA69C3F8182244E182
:10895C007B68D3F80C323A689A420AD97B6893F850
:10896C00063203F00203002B03D17B68D3F80C32E0
:10897C003B607B68D3F808323B6200237B637B68E7
:10898C007A6BC3F808223B68002B00F0C6807B682A
:10899C00D3F8003293F802325B02FB613B6A002B86
:1089AC001ED03B685A1EFB69B2FBF3F23B6A591EA0
:1089BC00FB69B1FBF3F39A4212D33B6A5A1EFB6973
:1089CC005B421A407B68C3F808227B68D3F80832F4
:1089DC003A68D31A3B607B68D3F81432BB6329E046
:1089EC007B68D3F81032BB63BB6B002B1ED17B684A
:1089FC00D3F8003200211846FEF731F9B863BB6B8F
:108A0C00012B05D17B68022283F807220223E6E0C2
:108A1C00BB6BB3F1FF3F05D17B68012283F80722C2
:108A2C000123DCE07B68BA6BC3F810227B68BA6B5D
:108A3C00C3F81422BB6B002B6FD047E07B6893F814
:108A4C00063203F00203002B0DD07B68D3F8003202
:108A5C00B96B1846FEF703F9B863BB6B002B0AD150
:108A6C00FB693B6036E07B68D3F80032B96B184683
:108A7C00FDF7D3FEB863BB6BB3F1FF3F05D17B6849
:108A8C00012283F807220123A9E0BB6B012B07D934
:108A9C007B68D3F80032D3F81432BA6B9A4205D300
:108AAC007B68022283F80722022398E07B68BA6B6A
:108ABC00C3F814227B68D3F80822FB691A447B683C
:108ACC00C3F808223A68FB69D31A3B603A68FB6921
:108ADC009A42B3D87B68D3F808223B681A447B6867
:108AEC00C3F808223B68C3F30803002B15D07B683E
:108AFC00D3F80032B96B1846FDF76EFE78637B6BCA
:108B0C00002B05D17B68022283F80722022366E042
:108B1C003B685B0A7A6B13447B637B68D3F808323F
:108B2C00C3F30803002B41D07B68D3F818327A6B5F
:108B3C009A423BD07B6893F8063203F04003002B3B
:108B4C001DD07B68D3F8003293F8010279687B68FA
:108B5C00D3F818220123FDF7B1FA0346002B05D0F8
:108B6C007B68012283F80722012338E07B6893F8A5
:108B7C00063223F04003DAB27B6883F806227B6866
:108B8C00D3F8003293F80102796801237A6BFDF770
:108B9C0075FA0346002B05D07B68012283F8072267
:108BAC0001231CE07B687A6BC3F818227B68D3F82E
:108BBC0008227B68D3F80C329A420ED97B68D3F822
:108BCC0008227B68C3F80C227B6893F8063243F0CA
:108BDC002003DAB27B6883F8062297F83F301846F8
:108BEC004037BD4680BD000080B487B000AFF86050
:108BFC00B9601346FB710123FB750023BB751E4B3B
:108C0C005B7ADBB2012B31D81B4B5B7ADBB21A4699
:108C1C00194B00219954184B5B7ADBB2164A9B0016
:108C2C001344FA685A60144B5B7ADBB21A46124B47
:108C3C001344FA791A72104B5B7ADBB25A1CD1B21C
:108C4C000D4A5172BB75BB7D3033DAB2BB681A70FA
:108C5C00BB6801333A221A70BB6802332F221A7098
:108C6C00BB68033300221A700023FB75FB7D18468A
:108C7C001C37BD4680BC70477808002080B582B098
:108C8C0000AF78603960002239687868FFF7ACFF74
:108C9C00034618460837BD4680BD00000CB430B5FD
:108CAC00184B0C1E1D689DB008DA8B234FF0FF305B
:108CBC002B601DB0BDE8304002B070474FF402731A
:108CCC00ADF814304FF000031B930CBF234604F196
:108CDC00FF33049307934FF6FF7302900690ADF8A1
:108CEC001630284621AB209A02A9019300F0B4F962
:108CFC00431CBCBF8B232B60002CDAD00022029BC0
:108D0C001A70D6E7380000200EB46FF0004110B591
:108D1C0000249DB01FAB0290069007910491094866
:108D2C00094953F8042B0591006802A901931B947F
:108D3C0000F092F9029B1C701DB0BDE8104003B00E
:108D4C00704700BF380000200802FFFF03460244B2
:108D5C00934200D1704703F8011BF9E7014B1868E7
:108D6C00704700BF3800002070B500260C4D0D4C2C
:108D7C00641BA410A64209D100F076FC00260A4D13
:108D8C000A4C641BA410A64205D170BD55F8043BD7
:108D9C0098470136EEE755F8043B98470136F2E761
:108DAC007CA500087CA500087CA5000880A500080F
:108DBC007047704738B50546002940D051F8043C3F
:108DCC000C1F002BB8BFE41800F0DEF81C4A136827
:108DDC0033B9636014602846BDE8384000F0DAB857
:108DEC00A34208D9206821188B4201BF19685B681F
:108DFC0009182160EDE71A465B680BB1A342FAD95A
:108E0C0011685018A0420BD12068014450188342BD
:108E1C001160E0D118685B68084410605360DAE7B1
:108E2C0002D90C232B60D6E7206821188B4201BF96
:108E3C0019685B680918216063605460CBE738BD22
:108E4C00C809002070B50F4E0C463168054611B9A3
:108E5C0000F0A8FB30602146284600F0A3FB431C21
:108E6C0003D14FF0FF34204670BDC41C24F0030422
:108E7C00A042F8D0211A284600F094FB0130F2D120
:108E8C00EFE700BFC40900202DE9F843CD1C25F005
:108E9C00030508350C2D38BF0C25002D064601DBCB
:108EAC00A94204D90C2333600020BDE8F883DFF815
:108EBC00D48000F069F8D8F800301C4644BB294631
:108ECC003046FFF7BFFF431C044658D1D8F800408A
:108EDC002746002F43D1002C4BD02368394630460F
:108EEC0004EB030900F05EFB814542D1216830465A
:108EFC006D1A2946FFF7A6FF01303AD023682B44A0
:108F0C002360D8F800305A6862BBC8F800700FE0D4
:108F1C002268521B20D40B2A17D96119A342256051
:108F2C0018BF5960636808BFC8F8001062514B60E5
:108F3C00304600F02FF804F10B00231D20F0070041
:108F4C00C21A1CBF1B1AA350AFE76268A3420CBF26
:108F5C00C8F800205A60EBE723466468AEE73C464D
:108F6C007F68B6E71A465B68A342FBD100235360C7
:108F7C00DEE70C233046336000F00CF894E7056014
:108F8C00D6E700BFC80900200148FFF711BF00BF9A
:108F9C00C00900200148FFF70CBF00BFC00900202A
:108FAC002DE9F0471F468E688246BE420C4690461D
:108FBC000B682DD8B1F90C2012F4906F26D065698E
:108FCC00096905EB4505A3EB010905EBD5757B1C80
:108FDC004B446D109D4238BF1D46530527D529467D
:108FEC00FFF752FF064660B34A46216900F0F8FAD3
:108FFC00A38923F4906343F08003A38126614E443C
:10900C0026603E466561A5EB0905A560BE4200D908
:10901C003E4632464146206800F0AAFA0020A3687A
:10902C009B1BA360236833442360BDE8F0872A466A
:10903C0000F0E4FA06460028E0D150462169FFF71B
:10904C00B9FE0C23CAF80030A3894FF0FF3043F06F
:10905C004003A381E9E700002DE9F04F98468B8986
:10906C0007461B060D4614469DB010D50B6973B907
:10907C004021FFF709FF2860286130B90C233B60C1
:10908C004FF0FF301DB0BDE8F08F40236B61002323
:10909C00099320238DF8293030234FF00109CDF8A6
:1090AC000C80DFF898818DF82A3023469A4613F805
:1090BC00012B0AB1252AF9D1BAEB040B0BD05B4674
:1090CC00224629463846FFF76BFF013000F0A78097
:1090DC00099A5A4409929AF80030002B00F09F80AC
:1090EC0000234FF0FF32CDE905230AF1010A049366
:1090FC0007938DF853301A935446052214F8011B2C
:10910C004E4800F05FFA049AD8B9D00644BF202329
:10911C008DF85330110744BF2B238DF853309AF838
:10912C0000302A2B15D0544600204FF00A0C079A19
:10913C00214611F8013B303B092B4BD9B0B10792BA
:10914C0014E0A0EB080309FA03F31343A2460493BB
:10915C00D2E7039B191D1B680391002BBBBF5B421D
:10916C0042F0020207930793B8BF049223782E2B88
:10917C000AD163782A2B32D1039B02341A1D1B6847
:10918C00039243EAE3730593DFF8B4A0032250463D
:10919C00217800F017FA38B14022049BA0EB0A00AA
:1091AC00824013430134049314F8011B0622254812
:1091BC008DF8281000F006FA002836D0224B1BBB85
:1091CC00039B073323F0070308330393099B3344B2
:1091DC0009936AE70C4601200CFB0232A8E7002336
:1091EC004FF00A0C194601340593204610F8012B58
:1091FC00303A092A03D9002BC6D00591C4E704469E
:10920C0001230CFB0121F0E703AB00932A463846FF
:10921C000E4B04A9AFF30080421C0646D6D1AB8995
:10922C005B063FF52DAF09982CE703AB00932A465C
:10923C003846064B04A900F07DF8EDE740A5000880
:10924C0046A500084AA5000800000000AD8F0008E4
:10925C002DE9F047164698468A680B6907469342F3
:10926C00B8BF1346336091F843200C46DDF82090CC
:10927C000AB1013333602368990642BF3368023365
:10928C003360256815F0060506D104F1190AE36868
:10929C0032689B1AAB422BDC94F843302268003BBB
:1092AC0018BF0123920630D44146384604F14302DC
:1092BC00C847013023D02368226903F00603042B2E
:1092CC0014BF002533684FF0000608BFE56804F1B1
:1092DC001A0408BFED1A54F8123C08BF25EAE575CC
:1092EC009342C4BF9B1AED18B5421AD1002008E076
:1092FC000123524641463846C847013003D14FF04E
:10930C00FF30BDE8F0870135C1E73020E11881F866
:10931C0043005A1C94F845102244023382F843103F
:10932C00C2E70123224641463846C8470130E6D001
:10933C000136D9E72DE9FF470F7E9146782F8046FD
:10934C000C469A460C9E01F1430207D8622F0AD8AC
:10935C00002F00F0D180582F00F0B88004F14206A5
:10936C0084F842703AE0A7F16303152BF6D801A1FB
:10937C0051F823F0D9930008ED9300086993000885
:10938C00699300086993000869930008ED9300083D
:10939C0069930008699300086993000869930008B1
:1093AC00EB94000817940008A59400086993000832
:1093BC00699300080D95000869930008179400083C
:1093CC006993000869930008AD94000833681A1D6E
:1093DC001B68326004F1420684F8423001239CE0A1
:1093EC0033682068191D3160060601D51D6803E03D
:1093FC004506FBD5B3F90050002D03DA2D236D4241
:10940C0084F843300A23584811E021683368080671
:10941C0053F8045B02D4490648BFADB26F2F3360DA
:10942C0014BF0A2308235048002184F843106668AF
:10943C00002EA66005DB21682E4321F0040121607B
:10944C004BD01646B5FBF3F103FB1157C75D06F87D
:10945C00017D2F46BB420D46F4D9082B0BD1236856
:10946C00DF0708D5236961689942DEBF302306F80F
:10947C00013C06F1FF36921B22614B4621464046C9
:10948C00CDF800A003AAFFF7E3FE01304AD14FF05C
:10949C00FF3004B0BDE8F087236843F0200323605D
:1094AC007827324884F84570236831681F0651F8D4
:1094BC00045B02D45F0648BFADB23160D90744BF2C
:1094CC0043F0200323601DB11023ADE72648E9E7E4
:1094DC00236823F020032360F6E71646BDE73368C4
:1094EC002568181D616930602E061B6801D519604E
:1094FC0002E06806FBD51980002316462361BCE701
:10950C00336800211A1D32601E686268304600F014
:10951C0059F808B1801B606063682361002384F8EC
:10952C004330AAE73246494640462369D0470130CA
:10953C00ADD023689B0713D4E068039B9842B8BF57
:10954C001846A6E70123324649464046D04701302B
:10955C009DD00135E36803995B1AAB42F2DCEBE773
:10956C00002504F11906F5E751A5000862A50008CD
:10957C00884210B501EB020402D98442234607D875
:10958C00431EA14208D011F8012B03F8012FF8E774
:10959C00014602448A4200D110BD13F8014D02F875
:1095AC00014DF7E738B50023054D044608462B60FE
:1095BC00F7F7BAFF431C02D12B6803B1236038BD07
:1095CC00BC090020034610B5C9B2024493421846A8
:1095DC0001D1002003E0047801338C42F6D110BD98
:1095EC000A44914200F1FF3300D1704710B511F8D5
:1095FC00014B914203F8014FF9D110BD2DE9F04117
:10960C00074614460D4621B91146BDE8F041FFF757
:10961C003BBC2AB9FFF7CEFB25462846BDE8F081B6
:10962C0000F01AF88442064602D8B4EB500FF4D876
:10963C0021463846FFF728FC804608B94546ECE73A
:10964C00B4422246294628BF3246FFF7C9FF2946B5
:10965C003846FFF7AFFBF1E751F8043C181F002B1D
:10966C00BCBF0B58C0187047F8B500BFF8BC08BC9D
:10967C009E467047F8B500BFF8BC08BC9E467047C4
:10968C00256C6420256C6420256C640D0A00000098
:10969C0041583A202564000041593A2025640000C5
:1096AC00415A3A202564000047583A2025640000AE
:1096BC0047593A2025640000475A3A202564000097
:1096CC00466569746F20706F723A00005241454CC8
:1096DC0000000000222A2B2C3A3B3C3D3E3F5B5DB8
:1096EC007C7F0000EBFE904D53444F53352E3000E1
:1096FC004E4F204E414D45202020204641543332C0
:10970C00202020004E4F204E414D45202020204649
:10971C004154202020202000000000000000000008
:10972C00000000000000000000000000000000002D
:10973C000000000000000000000000000000000C11
:10974C00000C000C000C000C000C000C000C000CAD
:10975C00000C000C0000000C000C000000000000CD
:10976C000000001B001B001B001B001B0000000066
:10977C0000000000000000000000000000000000DD
:10978C000000000000008019801980198019C07F2A
:10979C00C07F80190033C07FC07F0033003300339B
:1097AC0000330000000000000000001E003F807528
:1097BC0080650074003C001E000780058065806594
:1097CC008075003F001E00040004000000000070C3
:1097DC0000D840D8C0D880D900730006000C801B7C
:1097EC00C036C066C046C006800300000000000002
:1097FC000000001E003F003300330033001E000C3D
:10980C00C03CC066806380618063C03E801C0000E9
:10981C00000000000000000C000C000C000C000C00
:10982C00000000000000000000000000000000002C
:10983C000000000000000000800000010003000692
:10984C0000060004000C000C000C000C000C000CBA
:10985C000004000600060003000180000020001038
:10986C000018000C000C00040006000600060006A0
:10987C00000600060004000C000C0018001000206C
:10988C000000000C002D003F001E00330000000003
:10989C0000000000000000000000000000000000BC
:1098AC0000000000000000000000000C000C000C88
:1098BC00000CC0FFC0FF000C000C000C000C0000E2
:1098CC00000000000000000000000000000000008C
:1098DC00000000000000000000000000000000007C
:1098EC000000000C000C0004000400080000000044
:1098FC000000000000000000000000000000001E3E
:10990C00001E00000000000000000000000000002D
:10991C00000000000000000000000000000000003B
:10992C0000000000000000000000000C000C000013
:10993C000000000000000003000300030006000606
:10994C0000060006000C000C000C000C001800189F
:10995C0000180000000000000000001E003F003353
:10996C00806180618061806D806D806180618061CB
:10997C000033003F001E0000000000000000000645
:10998C00000E001E0036002600060006000600062B
:10999C00000600060006000600060000000000009D
:1099AC000000001E003F8073806180618001000315
:1099BC000006000C001800300060807F807F0000E3
:1099CC00000000000000001C003E00630063000368
:1099DC00000E000E00038001800180618073003F47
:1099EC00001E00000000000000000006000E000E2B
:1099FC00001E001E0016003600360066807F807F39
:109A0C000006000600060000000000000000007FB9
:109A1C00007F006000600060006E007F806380014A
:109A2C00800180618073003F001E00000000000078
:109A3C000000001E003F803380610060006E007FDC
:109A4C0080738061806180618033003F001E000064
:109A5C00000000000000807F807F80010003000375
:109A6C0000060006000C000C000C00080018001882
:109A7C0000180000000000000000001E003F806382
:109A8C00806180610021001E003F806180618061E7
:109A9C008061003F001E0000000000000000001E5E
:109AAC00003F00738061806180618073803F801D06
:109ABC00800180610073003F001E00000000000068
:109ACC0000000000000000000000000C000C000072
:109ADC0000000000000000000000000C000C000062
:109AEC00000000000000000000000000000000006A
:109AFC00000C000C00000000000000000000000C36
:109B0C00000C00040004000800000000000000002D
:109B1C0080008003000E003800600038000E8003C7
:109B2C0080000000000000000000000000000000A9
:109B3C00000000000000807F807F00000000807F1C
:109B4C00807F00000000000000000000000000000A
:109B5C00000000000000000000400070001C000726
:109B6C0080010007001C0070004000000000000095
:109B7C00000000000000001F803FC071C060C000EA
:109B8C00C00180030007000E000C000C0000000C4C
:109B9C00000C0000000000000000001E003F80319F
:109BAC0080718063806F806D806D806F80670060D6
:109BBC000032003E001C0000000000000000000EFF
:109BCC00000E001B001B001B001B80318031803FEE
:109BDC00803F8031C060C060C060000000000000A9
:109BEC000000007C007E0063006300630063007E65
:109BFC00007E0063806180618063007F007E0000D6
:109C0C00000000000000001E003F803180610060F9
:109C1C000060006000600060006080618031003F87
:109C2C00001E0000000000000000007C007F0063AC
:109C3C00806380618061806180618061806100638C
:109C4C000063007E007C0000000000000000807FAC
:109C5C00807F0060006000600060007F007F00601B
:109C6C00006000600060807F807F000000000000CA
:109C7C000000807F807F0060006000600060007FDB
:109C8C00007F006000600060006000600060000009
:109C9C00000000000000001E003F80318061006069
:109CAC000060006080638063806180618031803FF0
:109CBC00001E0000000000000000806180618061D7
:109CCC00806180618061807F807F80618061806144
:109CDC008061806180610000000000000000003F96
:109CEC00003F000C000C000C000C000C000C000CD5
:109CFC00000C000C000C003F003F000000000000B6
:109D0C0000008001800180018001800180018001C0
:109D1C0080018001806180618073003F001E000023
:109D2C00000000000000C0608061006300660066F7
:109D3C00006C0078007C00660066006380618061C6
:109D4C00C0600000000000000000006000600060C7
:109D5C0000600060006000600060006000600060F7
:109D6C000060807F807F0000000000000000C07158
:109D7C00C071C07BC07AC06AC06AC06EC064C0606B
:109D8C00C060C060C060C060C06000000000000027
:109D9C00000080718071807980798079806D806D10
:109DAC00806D80658067806780678063806300005A
:109DBC00000000000000001E003F00338061806145
:109DCC008061806180618061806180610033003FCF
:109DDC00001E0000000000000000007E007F806379
:109DEC008061806180618063007F007E0060006024
:109DFC000060006000600000000000000000001E19
:109E0C00003F00338061806180618061806180618E
:109E1C00806580670033803F401E0000000000001A
:109E2C000000007E007F8063806180618063007F22
:109E3C00007E00660063006380618061C06000008A
:109E4C00000000000000000E001F80318031003047
:109E5C000038001E00078003806180618031003F64
:109E6C00001E0000000000000000C0FFC0FF000C3E
:109E7C00000C000C000C000C000C000C000C000C76
:109E8C00000C000C000C00000000000000008061C1
:109E9C0080618061806180618061806180618061AE
:109EAC00806180618073003F001E00000000000094
:109EBC000000C060C060C060803180318031001B08
:109ECC00001B001B001B000E000E000E0004000007
:109EDC00000000000000C0C0C0C0C0C0C0C0C0C0F6
:109EEC00C0CC804C804C805E8052805280738061EC
:109EFC0080610000000000000000C0C08060806134
:109F0C000033003B001E000C000C001E001F003B29
:109F1C0080718061C0C00000000000000000C0C063
:109F2C008061806100330033001E001E000C000CA9
:109F3C00000C000C000C000C000C000000000000D9
:109F4C000000803F803F8001000300030006000CEE
:109F5C00000C0018001800300060807F807F00002B
:109F6C0000000000000F000F000C000C000C000C97
:109F7C00000C000C000C000C000C000C000C000C75
:109F8C00000C000C000F000F000000180018001847
:109F9C00000C000C000C000C00060006000600066D
:109FAC00000300030003000000000000001E001E60
:109FBC000006000600060006000600060006000665
:109FCC00000600060006000600060006001E001E25
:109FDC000000000C000C001E0012003300338061E6
:109FEC008061000000000000000000000000000084
:109FFC000000000000000000000000000000000055
:10A00C000000000000000000000000000000000044
:10A01C0000000000E0FF0000000000380018000CF9
:10A02C000000000000000000000000000000000024
:10A03C000000000000000000000000000000000014
:10A04C00000000000000001F803F80618001801F25
:10A05C00803F80618063807FC0380000000000007A
:10A06C0000000060006000600060006E007F807384
:10A07C0080618061806180618073007F006E000070
:10A08C000000000000000000000000000000001EA6
:10A09C00003F807380610060006080618073003FCE
:10A0AC00001E000000000000000080018001800103
:10A0BC008001801D803F8073806180618061806140
:10A0CC008073803F801D0000000000000000000035
:10A0DC00000000000000001E003F00738061807FC4
:10A0EC00807F00608071003F001E000000000000B7
:10A0FC000000C007C00F000C000C807F807F000C9C
:10A10C00000C000C000C000C000C000C000C0000EF
:10A11C00000000000000000000000000801D803FD7
:10A12C00807380618061806180618073803F801D5D
:10A13C0080018063007F003E0000006000600060D2
:10A14C000060006F807F80718061806180618061C0
:10A15C00806180618061000000000000000000064A
:10A16C00000600000000003E003E0006000600064F
:10A17C0000060006000600060006000000000000B5
:10A18C000006000600000000003E003E000600062F
:10A19C000006000600060006000600060006004643
:10A1AC00007E003C00000060006000600060806188
:10A1BC0000630066006C007C0076006300638061C5
:10A1CC00C0600000000000000000003E003E0006E1
:10A1DC000006000600060006000600060006000643
:10A1EC000006000600060000000000000000000051
:10A1FC0000000000000080DDC0FFC0CEC0CCC0CC91
:10A20C00C0CCC0CCC0CCC0CCC0CC00000000000086
:10A21C0000000000000000000000006F807F8071D3
:10A22C0080618061806180618061806180610000FB
:10A23C000000000000000000000000000000001EF4
:10A24C00003F807380618061806180618073003F1A
:10A25C00001E0000000000000000000000000000D4
:10A26C00006E007F8073806180618061806180738B
:10A27C00007F006E00600060006000600000000065
:10A28C0000000000801D803F8073806180618061D0
:10A29C0080618073803F801D80018001800180017E
:10A2AC00000000000000000000000067803F003943
:10A2BC000030003000300030003000300030000042
:10A2CC000000000000000000000000000000001E64
:10A2DC00803F80610060007F803F80018061007F53
:10A2EC00001E000000000000000000000008001824
:10A2FC000018007F007F00180018001800180018C4
:10A30C000018801F800F00000000000000000000FB
:10A31C0000000000000080618061806180618061CC
:10A32C00806180618063807F803D000000000000C0
:10A33C0000000000000000000000C060803180318F
:10A34C008031001B001B001B000E000E00060000DD
:10A35C00000000000000000000000000000080DD94
:10A36C0080DD80DD00550055005500770077002218
:10A37C0000220000000000000000000000000000AF
:10A38C000000806100330033001E000C000C001E26
:10A39C00003300338061000000000000000000006A
:10A3AC000000000080618061803100330033001BAD
:10A3BC00001B001B000E000E000E001C007C007029
:10A3CC0000000000000000000000C07FC07F800182
:10A3DC0000030006000C00180030C07FC07F000096
:10A3EC00000000008003800700060006000600063F
:10A3FC000006000E001C001C000E000600060006E5
:10A40C000006000680078003000600060006000612
:10A41C000006000600060006000600060006000600
:10A42C000006000600060006000600060038003C88
:10A43C00000C000C000C000C000C000E00070007B8
:10A44C00000E000C000C000C000C000C003C003842
:10A45C000000000000000000000000000000803838
:10A46C00807F00470000000000000000000000009A
:10A47C0000000000000000000000000001020304C6
:10A48C00060708090000000001020304020304058A
:10A49C00060708090A0B0C0D0E0F10100102000024
:10A4AC0002030405060708090A0B0C0D0E0F101009
:10A4BC0001020000809A90B68EB78F80D2D3D4D888
:10A4CC00D7DE8E8F909292E299E3EAEB59999A9D9E
:10A4DC009C9D9E9FB5D6E0E9A5A5A6A7A8A9AAAB69
:10A4EC00AC21AEAFB0B1B2B3B4B5B6B7B8B9BABBB4
:10A4FC00BCBDBEBFC0C1C2C3C4C5C7C7C8C9CACB17
:10A50C00CCCDCECFD0D1D2D3D4D5D6D7D8D9DADB07
:10A51C00DCDDDEDFE0E1E2E3E5E5E6E7E7E9EAEBF7
:10A52C00EDEDEEEFF0F1F2F3F4F5F6F7F8F9FAFBE6
:10A53C00FCFDFEFF232D302B2000686C4C00656663
:10A54C006745464700303132333435363738394178
:10A55C00424344454600303132333435363738398E
:08A56C00616263646566000092
:08A57400D85BFF7F010000002D
:04A57C0031010008A1
:04A580000D010008C1
:10A584000B120000249700086779726F5F6C6F6785
:10A594002E7478740000000000127A00100000008D
:10A5A40001010000BD5D0008515E0008715E0008F5
:10A5B400035F0008A55F00083C00002000000000C5
:10A5C40084080020EC08002054090020000000004A
:10A5D4000000000000000000000000000000000077
:10A5E4000000000000000000000000000000000067
:10A5F4000000000000000000000000000000000057
:08A6040000000000000000004E
:04000005080015AD2D
:00000001FF
